"polarity","phase","candidate_annotations_all_features","candidate_features_all","candidate_lipids_all_features","curated_truth_annotations","curated_truth_features","curated_matches","alternative_candidates_on_curated_features","candidates_on_uncurated_features","uncurated_features_with_candidates","missed_curated_annotations","curated_feature_precision","curated_feature_recall","curated_feature_f1","all_feature_curated_match_rate","ambiguous_candidate_features_all","ambiguous_candidate_features_curated","mean_candidates_per_feature_all","max_candidates_per_feature_all","rt_fit_method"
"positive","mz_only_all_ranks",9658,4561,528,343,277,343,325,8990,4284,0,0.513473053892216,1,0.678536102868447,0.0355145992959205,2666,172,2.11751808813857,8,"not_used"
"positive","mz_rt_uncorrected_all_ranks",1997,1421,479,343,277,260,67,1670,1189,83,0.795107033639144,0.75801749271137,0.776119402985075,0.130195292939409,497,83,1.40534834623505,4,"not_used"
"positive","mz_rt_corrected_all_ranks",2487,1712,508,343,277,343,74,2070,1435,0,0.822541966426859,1,0.902631578947368,0.137917169280257,651,116,1.45268691588785,4,"scam_monotone_pspline"
"positive","rank1_mz_only",3944,2309,526,343,277,343,159,3442,2032,0,0.683266932270916,1,0.811834319526627,0.0869675456389452,1033,141,1.70809874404504,5,"not_used"
"positive","rank1_mz_rt_corrected",1042,769,499,343,277,343,50,649,492,0,0.872773536895674,1,0.932065217391304,0.329174664107486,233,98,1.35500650195059,4,"scam_monotone_pspline"
"positive","rank1_isotope_filter",473,334,348,343,277,343,50,80,57,0,0.872773536895674,1,0.932065217391304,0.725158562367865,119,98,1.41616766467066,4,"scam_monotone_pspline"
"positive","rank1_isotope_adduct_scored",473,334,348,343,277,343,50,80,57,0,0.872773536895674,1,0.932065217391304,0.725158562367865,119,98,1.41616766467066,4,"scam_monotone_pspline"
"positive","rank1_isotope_with_adduct_support",293,213,241,343,277,239,24,30,22,104,0.908745247148289,0.696793002915452,0.788778877887789,0.815699658703072,68,61,1.37558685446009,4,"scam_monotone_pspline"
"positive","automatic_ambiguity_resolution",343,277,327,343,277,343,0,0,0,0,1,1,1,1,53,53,1.23826714801444,4,"scam_monotone_pspline"
"positive","manual_curation",343,277,327,343,277,343,0,0,0,0,1,1,1,1,53,53,1.23826714801444,4,"scam_monotone_pspline"
"negative","mz_only_all_ranks",2957,1860,351,215,183,215,109,2633,1677,0,0.66358024691358,1,0.797773654916512,0.0727088265133581,765,90,1.58978494623656,5,"not_used"
"negative","mz_rt_uncorrected_all_ranks",890,674,296,215,183,156,43,691,527,59,0.78391959798995,0.725581395348837,0.753623188405797,0.175280898876404,201,46,1.32047477744807,4,"not_used"
"negative","mz_rt_corrected_all_ranks",1084,817,331,215,183,215,36,833,634,0,0.856573705179283,1,0.92274678111588,0.198339483394834,243,60,1.32680538555692,4,"scam_monotone_pspline"
"negative","rank1_mz_only",1689,1089,351,215,183,215,99,1375,906,0,0.684713375796178,1,0.812854442344045,0.127294256956779,406,85,1.55096418732782,5,"not_used"
"negative","rank1_mz_rt_corrected",599,458,331,215,183,215,29,355,275,0,0.881147540983607,1,0.93681917211329,0.358931552587646,130,56,1.30786026200873,3,"scam_monotone_pspline"
"negative","rank1_isotope_filter",296,223,218,215,183,215,29,52,40,0,0.881147540983607,1,0.93681917211329,0.726351351351351,68,56,1.32735426008969,3,"scam_monotone_pspline"
"negative","rank1_isotope_adduct_scored",296,223,218,215,183,215,29,52,40,0,0.881147540983607,1,0.93681917211329,0.726351351351351,68,56,1.32735426008969,3,"scam_monotone_pspline"
"negative","rank1_isotope_with_adduct_support",171,127,140,215,183,137,18,16,11,78,0.883870967741936,0.637209302325581,0.740540540540541,0.801169590643275,42,37,1.34645669291339,3,"scam_monotone_pspline"
"negative","automatic_ambiguity_resolution",215,183,207,215,183,215,0,0,0,0,1,1,1,1,29,29,1.17486338797814,3,"scam_monotone_pspline"
"negative","manual_curation",215,183,207,215,183,215,0,0,0,0,1,1,1,1,29,29,1.17486338797814,3,"scam_monotone_pspline"
