"phase","candidate_annotations_all_features","candidate_features_all","candidate_lipids_all_features","curated_truth_annotations","curated_truth_features","curated_matches","alternative_candidates_on_curated_features","candidates_on_uncurated_features","uncurated_features_with_candidates","missed_curated_annotations","curated_feature_precision","curated_feature_recall","curated_feature_f1","all_feature_curated_match_rate","ambiguous_candidate_features_all","ambiguous_candidate_features_curated","mean_candidates_per_feature_all","max_candidates_per_feature_all","curated_feature_precision_change_vs_baseline","curated_feature_recall_change_vs_baseline","curated_feature_f1_change_vs_baseline","rt_fit_method"
"mz_only_all_ranks",1755,1041,354,205,170,205,107,1443,871,0,0.657051282051282,1,0.793036750483559,0.116809116809117,482,94,1.68587896253602,5,0,0,0,"not_used"
"mz_rt_uncorrected_all_ranks",522,378,240,205,170,108,54,360,270,97,0.666666666666667,0.526829268292683,0.588555858310627,0.206896551724138,128,48,1.38095238095238,4,0.00961538461538458,-0.473170731707317,-0.204480892172932,"not_used"
"mz_rt_corrected_all_ranks",763,565,314,205,170,205,37,521,395,0,0.847107438016529,1,0.917225950782998,0.26867627785059,183,65,1.35044247787611,4,0.190056155965247,0,0.124189200299439,"scam_monotone_pspline"
"rank1_mz_only",1006,579,353,205,170,205,96,705,409,0,0.681063122923588,1,0.810276679841897,0.203777335984095,276,91,1.73747841105354,5,0.024011840872306,0,0.0172399293583382,"not_used"
"rank1_mz_rt_corrected",454,335,312,205,170,205,31,218,165,0,0.86864406779661,1,0.929705215419501,0.451541850220264,111,62,1.35522388059701,3,0.211592785745328,0,0.136668464935942,"scam_monotone_pspline"
"rank1_isotope_filter",272,196,223,205,170,205,31,36,26,0,0.86864406779661,1,0.929705215419501,0.753676470588235,72,62,1.38775510204082,3,0.211592785745328,0,0.136668464935942,"scam_monotone_pspline"
"rank1_isotope_adduct_scored",272,196,223,205,170,205,31,36,26,0,0.86864406779661,1,0.929705215419501,0.753676470588235,72,62,1.38775510204082,3,0.211592785745328,0,0.136668464935942,"scam_monotone_pspline"
"rank1_isotope_with_adduct_support",109,80,100,205,170,96,9,4,2,109,0.914285714285714,0.468292682926829,0.619354838709677,0.880733944954128,27,25,1.3625,3,0.257234432234432,-0.531707317073171,-0.173681911773882,"scam_monotone_pspline"
"automatic_ambiguity_resolution",205,170,202,205,170,205,0,0,0,0,1,1,1,1,32,32,1.20588235294118,3,0.342948717948718,0,0.206963249516441,"scam_monotone_pspline"
"manual_curation",205,170,202,205,170,205,0,0,0,0,1,1,1,1,32,32,1.20588235294118,3,0.342948717948718,0,0.206963249516441,"scam_monotone_pspline"
