"feature_id","target_lipid.name","target_lipid_name_unique","target_LIPID.CATEGORY..ABBREV.","target_LIPID.SUBCLASS..ABBREV.","target_Adduct","target_adduct","target_ORIGIN","target_IS_norm","mzmed","rtmed","ppm_error","score_rt","isopeak_count","isopeak_sim","adduct_count","adduct_ratio","nb_annotations","ionization_mode"
"FT0392","FA(15:0)","FA(15:0)_1","Fatty Acyls [FA]","Fatty acids [FA]","Adduct[M-H]-","[M-H]-","endogenous","FA(16:0(d31))",241.217013492913,161.337302685404,1.10883468121308,-18.7989496349297,3,0.978173983872355,0,0,1,"negative"
"FT0418","FA(16:1)","FA(16:1)_1","Fatty Acyls [FA]","Fatty acids [FA]","Adduct[M-H]-","[M-H]-","endogenous","FA(16:0(d31))",253.217345016086,147.551311753085,0.252957008332325,-19.5742123713427,2,0.979518276448338,0,0,1,"negative"
"FT0420","FA(16:0)","FA(16:0)_1","Fatty Acyls [FA]","Fatty acids [FA]","Adduct[M-H]-","[M-H]-","endogenous","FA(16:0(d31))",255.233585528764,188.47978932855,2.56433040239251,-14.9672973193642,4,0.991498322207167,1,1,1,"negative"
"FT0440","FA(17:1)","FA(17:1)_1","Fatty Acyls [FA]","Fatty acids [FA]","Adduct[M-H]-","[M-H]-","endogenous","FA(16:0(d31))",267.232568154377,194.326039605565,1.35788961605129,4.65557419905403,3,0.82165831887025,0,0,1,"negative"
"FT0449","FA(17:0)","FA(17:0)_1; FA(17:0)_2","Fatty Acyls [FA]","Fatty acids [FA]","Adduct[M-H]-","[M-H]-","endogenous","FA(16:0(d31))",269.248339599426,214.986425205835,0.896910851466036,-3.27025377566224,3,0.990385100902875,0,0,2,"negative"
"FT0468","FA(18:3)","FA(18:3)_1","Fatty Acyls [FA]","Fatty acids [FA]","Adduct[M-H]-","[M-H]-","endogenous","FA(16:0(d31))",277.217240585818,134.437899236544,0.145651748257794,-19.6890993767505,2,0.976243508941492,0,0,1,"negative"
"FT0472","FA(18:2)","FA(18:2)_1","Fatty Acyls [FA]","Fatty acids [FA]","Adduct[M-H]-","[M-H]-","endogenous","FA(16:0(d31))",279.233549696837,164.490031368705,2.21560414124754,-16.4794249630291,4,0.96158926627367,1,1,1,"negative"
"FT0488","FA(18:0)","FA(18:0)_1","Fatty Acyls [FA]","Fatty acids [FA]","Adduct[M-H]-","[M-H]-","endogenous","FA(16:0(d31))",283.264896514826,240.521454039714,2.34889955337221,-5.0542169012873,4,0.990495928095725,1,1,1,"negative"
"FT0559","FA(19:1)","FA(19:1)_1","Fatty Acyls [FA]","Fatty acids [FA]","Adduct[M-H]-","[M-H]-","endogenous","FA(16:0(d31))",295.26399739336,231.567673324331,0.791705242602946,0.0232969406028758,3,0.834729166537847,0,0,1,"negative"
"FT0586","FA(19:0)","FA(19:0)_1","Fatty Acyls [FA]","Fatty acids [FA]","Adduct[M-H]-","[M-H]-","endogenous","FA(16:0(d31))",297.279653869261,263.941903547666,0.764769341611755,-1.11728756084597,2,0.973393051760386,0,0,1,"negative"
"FT0605","FA(20:4)","FA(20:4)_1","Fatty Acyls [FA]","Fatty acids [FA]","Adduct[M-H]-","[M-H]-","endogenous","FA(16:0(d31))",303.232855430711,158.680665174162,0.249301709755114,-17.9672686395879,4,0.991140285846392,0,0,1,"negative"
"FT0610","FA(20:3)","FA(20:3)_1; FA(20:3)_2","Fatty Acyls [FA]","Fatty acids [FA]","Adduct[M-H]-","[M-H]-","endogenous","FA(16:0(d31))",305.248532818095,192.589305118928,0.15814424126392,-4.01776507472775,2,0.97152839432854,0,0,2,"negative"
"FT0618","FA(20:2)","FA(20:2)_1","Fatty Acyls [FA]","Fatty acids [FA]","Adduct[M-H]-","[M-H]-","endogenous","FA(16:0(d31))",307.264015976359,213.43937508891,0.700306835813646,-8.4887176220538,3,0.949786903856297,0,0,1,"negative"
"FT0624","FA(20:1)","FA(20:1)_1","Fatty Acyls [FA]","Fatty acids [FA]","Adduct[M-H]-","[M-H]-","endogenous","FA(16:0(d31))",309.279818825034,247.549501133554,0.201742079419279,-3.31966207579075,2,0.971983422065055,0,0,1,"negative"
"FT0632","FA(20:0)","FA(20:0)_1","Fatty Acyls [FA]","Fatty acids [FA]","Adduct[M-H]-","[M-H]-","endogenous","FA(16:0(d31))",311.295522464031,287.493157046577,0.0283331051652862,-1.69076427784034,3,0.989314676904015,0,0,1,"negative"
"FT0671","FA(22:6)","FA(22:6)_1","Fatty Acyls [FA]","Fatty acids [FA]","Adduct[M-H]-","[M-H]-","endogenous","FA(16:0(d31))",327.233039920244,147.756935157579,0.3327692134735,-19.3685889668493,4,0.983219003344952,1,1,1,"negative"
"FT0680","FA(22:5)","FA(22:5)_1; FA(22:5)_2","Fatty Acyls [FA]","Fatty acids [FA]","Adduct[M-H]-","[M-H]-","endogenous","FA(16:0(d31))",329.248421694357,177.691640270316,0.484123703722431,-9.37281211519928,2,0.968598822659804,0,0,2,"negative"
"FT0687","FA(22:4)","FA(22:4)_1","Fatty Acyls [FA]","Fatty acids [FA]","Adduct[M-H]-","[M-H]-","endogenous","FA(16:0(d31))",331.264058337577,201.587787252182,0.521692372029232,-10.6971293618278,3,0.989153802753249,0,0,1,"negative"
"FT0728","FA(22:0)","FA(22:0)_1","Fatty Acyls [FA]","Fatty acids [FA]","Adduct[M-H]-","[M-H]-","endogenous","FA(16:0(d31))",339.326607746658,344.726480740651,0.659145463927235,-5.62075084300295,3,0.987838507914234,0,0,1,"negative"
"FT0768","FA(23:0)","FA(23:0)_1","Fatty Acyls [FA]","Fatty acids [FA]","Adduct[M-H]-","[M-H]-","endogenous","FA(16:0(d31))",353.342289657636,381.63477246318,0.542869803416757,-12.7564110755339,2,0.965225055555633,0,0,1,"negative"
"FT0794","FA(24:1)","FA(24:1)_1","Fatty Acyls [FA]","Fatty acids [FA]","Adduct[M-H]-","[M-H]-","endogenous","FA(16:0(d31))",365.342279067105,348.435294426193,0.554026712234226,-5.58823785321903,2,0.963254192904638,0,0,1,"negative"
"FT0806","FA(24:0)","FA(24:0)_1","Fatty Acyls [FA]","Fatty acids [FA]","Adduct[M-H]-","[M-H]-","endogenous","FA(16:0(d31))",367.35798739631,424.658273652757,0.392381377824874,-7.2429319776366,3,0.987505919247348,0,0,1,"negative"
"FT0809","FA(24:0)","FA(24:0)_1","Fatty Acyls [FA]","Fatty acids [FA]","Adduct[M-H]-","[M-H]-","endogenous","FA(16:0(d31))",367.35793169439,435.620756817402,0.54400976402757,3.71955118700811,3,0.987140324719524,0,0,1,"negative"
"FT1151","LPE(16:0/0:0)","LPE(16:0/0:0)_1","Glycerophospholipids [GP]","Monoacylglycerophosphoethanolamines [LPE]","Adduct[M-H]-","[M-H]-","endogenous","LPE(18:1/0:0(d7))",452.278080483391,154.653260871953,0.357215965850996,-0.201407157787543,2,0.95406417195723,0,0,1,"negative"
"FT1320","LPE(18:2/0:0)","LPE(18:2/0:0)_1","Glycerophospholipids [GP]","Monoacylglycerophosphoethanolamines [LPE]","Adduct[M-H]-","[M-H]-","endogenous","LPE(18:1/0:0(d7))",476.278221471137,132.444353457324,0.0431958904334193,-3.34107939279545,3,0.970333736817612,1,1,1,"negative"
"FT1321","LPE(0:0/18:2)","LPE(0:0/18:2)_1","Glycerophospholipids [GP]","Monoacylglycerophosphoethanolamines [LPE]","Adduct[M-H]-","[M-H]-","endogenous","LPE(18:1/0:0(d7))",476.278221625984,122.484628110857,0.0428707732347849,-3.74245313636111,2,0.949343889437711,0,0,1,"negative"
"FT1411","LPE(20:4/0:0)","LPE(20:4/0:0)_1","Glycerophospholipids [GP]","Monoacylglycerophosphoethanolamines [LPE]","Adduct[M-H]-","[M-H]-","endogenous","LPE(18:1/0:0(d7))",500.277996642161,128.733955913941,0.490531506021806,-4.19434276660667,3,0.941542357829797,1,1,1,"negative"
"FT1515","LPE(22:6/0:0)","LPE(22:6/0:0)_1","Glycerophospholipids [GP]","Monoacylglycerophosphoethanolamines [LPE]","Adduct[M-H]-","[M-H]-","endogenous","LPE(18:1/0:0(d7))",524.278155965698,124.507304792705,0.164185151221384,-2.75873589525318,2,0.941806982536831,0,0,1,"negative"
"FT1519","LPC(14:0/0:0)","LPC(14:0/0:0)_1","Glycerophospholipids [GP]","Monoacylglycerophosphocholines [LPC]","Adduct[M+CH3COO]-","[M+CH3COO]-","endogenous","LPC(18:1/0:0(d7))",526.31492985897,102.483810311594,0.118274476384232,-5.71386843003314,2,0.942946997874379,0,0,1,"negative"
"FT1592","LPC(O-16:1/0:0) // LPC(P-16:0/0:0)","LPC(O-16:1/0:0) // LPC(P-16:0/0:0)_1","Glycerophospholipids [GP]","Monoalkylglycerophosphocholines // 1Z-alkenylglycerophosphocholines [LPC O/P-]","Adduct[M+CH3COO]-","[M+CH3COO]-","endogenous","LPC(18:1/0:0(d7))",538.351368391946,169.594107037238,0.0164298893721512,0.0236289411113262,2,0.940652873715283,0,0,1,"negative"
"FT1607","LPC(15:0/0:0)","LPC(15:0/0:0)_1","Glycerophospholipids [GP]","Monoacylglycerophosphocholines [LPC]","Adduct[M+CH3COO]-","[M+CH3COO]-","endogenous","LPC(18:1/0:0(d7))",540.330466952878,123.844618449767,0.324282779375677,-4.14868934570777,2,0.940642788114739,0,0,1,"negative"
"FT1634","LPC(16:1/0:0)","LPC(16:1/0:0)_1","Glycerophospholipids [GP]","Monoacylglycerophosphocholines [LPC]","Adduct[M+CH3COO]-","[M+CH3COO]-","endogenous","LPC(18:1/0:0(d7))",552.33051142661,112.345150884891,0.236717247993504,-4.53059740951053,2,0.938492323065137,0,0,1,"negative"
"FT1639","LPC(16:0/0:0)","LPC(16:0/0:0)_1","Glycerophospholipids [GP]","Monoacylglycerophosphocholines [LPC]","Adduct[M+CH3COO]-","[M+CH3COO]-","endogenous","LPC(18:1/0:0(d7))",554.346943931957,148.695016073829,1.17560984156113,-1.0664563543902,4,0.940855748467171,4,0.666666666666667,1,"negative"
"FT1640","LPC(0:0/16:0)","LPC(0:0/16:0)_1","Glycerophospholipids [GP]","Monoacylglycerophosphocholines [LPC]","Adduct[M+CH3COO]-","[M+CH3COO]-","endogenous","LPC(18:1/0:0(d7))",554.346350421135,137.504487952626,0.104959907342338,-1.86547200342378,3,0.943786855940945,4,0.666666666666667,1,"negative"
"FT1699","LPC(O-18:1/0:0) // LPC(P-18:0/0:0)","LPC(O-18:1/0:0) // LPC(P-18:0/0:0)_1","Glycerophospholipids [GP]","Monoalkylglycerophosphocholines // 1Z-alkenylglycerophosphocholines [LPC O/P-]","Adduct[M+CH3COO]-","[M+CH3COO]-","endogenous","LPC(18:1/0:0(d7))",566.382522863775,182.823275725797,0.272786636249596,1.95797364257297,2,0.935502452071786,0,0,1,"negative"
"FT1704","LPC(17:0/0:0)","LPC(17:0/0:0)_1","Glycerophospholipids [GP]","Monoacylglycerophosphocholines [LPC]","Adduct[M+CH3COO]-","[M+CH3COO]-","endogenous","LPC(18:1/0:0(d7))",568.361837759106,174.513647502403,0.183935773693705,1.35292697805528,3,0.926144818166064,0,0,1,"negative"
"FT1705","LPC(0:0/17:0)","LPC(0:0/17:0)_1","Glycerophospholipids [GP]","Monoacylglycerophosphocholines [LPC]","Adduct[M+CH3COO]-","[M+CH3COO]-","endogenous","LPC(18:1/0:0(d7))",568.361802139024,166.631380661487,0.246607250253317,2.10639861172353,2,0.934671826404936,0,0,1,"negative"
"FT1711","LPI(16:0/0:0)","LPI(16:0/0:0)_1","Glycerophospholipids [GP]","Monoacylglycerophosphoinositoles [LPI]","Adduct[M-H]-","[M-H]-","endogenous","PI(15:0/18:1)(d7))",571.288334987156,115.504122820727,0.933359240401878,-6.41114948413997,2,0.931830694472809,0,0,1,"negative"
"FT1789","LPC(18:3/0:0)","LPC(18:3/0:0)_1","Glycerophospholipids [GP]","Monoacylglycerophosphocholines [LPC]","Adduct[M+CH3COO]-","[M+CH3COO]-","endogenous","LPC(18:1/0:0(d7))",576.330450750993,103.9376003247,0.33213886847368,-3.27256438735026,2,0.932193473932668,0,0,1,"negative"
"FT1798","LPC(18:2/0:0)","LPC(18:2/0:0)_1","Glycerophospholipids [GP]","Monoacylglycerophosphocholines [LPC]","Adduct[M+CH3COO]-","[M+CH3COO]-","endogenous","LPC(18:1/0:0(d7))",578.346684681558,126.562891931035,0.67856328221155,-3.14467848929863,4,0.931963386136687,3,0.75,1,"negative"
"FT1822","LPC(18:1/0:0)","LPC(18:1/0:0)_1","Glycerophospholipids [GP]","Monoacylglycerophosphocholines [LPC]","Adduct[M+CH3COO]-","[M+CH3COO]-","endogenous","LPC(18:1/0:0(d7))",580.362159727801,159.04267942723,0.374639659683181,-0.282543553032269,3,0.937453429128154,3,0.75,1,"negative"
"FT1836","LPC(18:0/0:0)","LPC(18:0/0:0)_1","Glycerophospholipids [GP]","Monoacylglycerophosphocholines [LPC]","Adduct[M+CH3COO]-","[M+CH3COO]-","endogenous","LPC(18:1/0:0(d7))",582.377974136215,199.479407771833,0.655538297415163,4.59412847980124,3,0.938033403125147,4,1,1,"negative"
"FT1902","Cer(d18:1/16:1)","Cer(d18:1/16:1)_1","Sphingolipids [SP]","Ceramides [Cer]","Adduct[M+CH3COO]-","[M+CH3COO]-","endogenous",,594.510017185778,423.660144202098,0.385024015813994,9.14329204956596,2,0.92087390608927,1,0.5,1,"negative"
"FT1910","LPI(18:2/0:0)","LPI(18:2/0:0)_1","Glycerophospholipids [GP]","Monoacylglycerophosphoinositoles [LPI]","Adduct[M-H]-","[M-H]-","endogenous","PI(15:0/18:1)(d7))",595.288567058225,97.6683148107321,0.505883263517744,-7.20281618457201,2,0.932874457272105,0,0,1,"negative"
"FT1932","Cer(d18:1/16:0)","Cer(d18:1/16:0)_1","Sphingolipids [SP]","Ceramides [Cer]","Adduct[M+CH3COO]-","[M+CH3COO]-","endogenous",,596.525880312513,506.327690190906,0.0265507119002538,-0.0532360198184278,3,0.969348480687348,2,1,1,"negative"
"FT1936","LPI(18:1/0:0)","LPI(18:1/0:0)_1","Glycerophospholipids [GP]","Monoacylglycerophosphoinositoles [LPI]","Adduct[M-H]-","[M-H]-","endogenous","PI(15:0/18:1)(d7))",597.304372674965,125.325297936824,0.24375194003474,-5.42121609830237,2,0.932357350925088,0,0,1,"negative"
"FT1942","Cer(d18:0_16:0)","Cer(d18:0_16:0)_1","Sphingolipids [SP]","Ceramides [Cer]","Adduct[M+CH3COO]-","[M+CH3COO]-","endogenous",,598.541330908281,549.429757176644,0.359718754005543,-13.1817047767453,2,0.920834953405421,1,0.5,1,"negative"
"FT1945","LPI(18:0/0:0)","LPI(18:0/0:0)_1","Glycerophospholipids [GP]","Monoacylglycerophosphoinositoles [LPI]","Adduct[M-H]-","[M-H]-","endogenous","PI(15:0/18:1)(d7))",599.320067379314,163.573761315974,0.168447503658584,-0.0671414339823002,3,0.93371485009234,0,0,1,"negative"
"FT1955","LPC(20:5/0:0)","LPC(20:5/0:0)_1","Glycerophospholipids [GP]","Monoacylglycerophosphocholines [LPC]","Adduct[M+CH3COO]-","[M+CH3COO]-","endogenous","LPC(18:1/0:0(d7))",600.330525698627,99.5632022028597,0.194016704182765,-5.04801932367914,2,0.927102834460315,0,0,1,"negative"
"FT1967","LPC(20:4/0:0)","LPC(20:4/0:0)_1","Glycerophospholipids [GP]","Monoacylglycerophosphocholines [LPC]","Adduct[M+CH3COO]-","[M+CH3COO]-","endogenous","LPC(18:1/0:0(d7))",602.346335453926,123.470326340874,0.0717476413542658,-3.63987095346418,3,0.877920351535416,3,1,1,"negative"
"FT1976","LPC(20:3/0:0)","LPC(20:3/0:0)_1","Glycerophospholipids [GP]","Monoacylglycerophosphocholines [LPC]","Adduct[M+CH3COO]-","[M+CH3COO]-","endogenous","LPC(18:1/0:0(d7))",604.361835342947,143.567403653796,0.176977147986186,-0.997940635326984,3,0.929208908058549,1,1,1,"negative"
"FT1988","LPC(20:2/0:0)","LPC(20:2/0:0)_1","Glycerophospholipids [GP]","Monoacylglycerophosphocholines [LPC]","Adduct[M+CH3COO]-","[M+CH3COO]-","endogenous","LPC(18:1/0:0(d7))",606.377212107105,172.569802718899,0.627098196592428,2.84324841241488,2,0.9284731322934,0,0,1,"negative"
"FT1998","LPC(20:1/0:0)","LPC(20:1/0:0)_1","Glycerophospholipids [GP]","Monoacylglycerophosphocholines [LPC]","Adduct[M+CH3COO]-","[M+CH3COO]-","endogenous","LPC(18:1/0:0(d7))",608.391913448968,205.810472522794,2.18441057474321,5.70612314068819,2,0.927717585242672,0,0,1,"negative"
"FT2028","LPI(20:4/0:0)","LPI(20:4/0:0)_1","Glycerophospholipids [GP]","Monoacylglycerophosphoinositoles [LPI]","Adduct[M-H]-","[M-H]-","endogenous","PI(15:0/18:1)(d7))",619.28882836888,95.5704326317027,0.0643254252877821,-5.71362698046129,3,0.956769071872564,0,0,1,"negative"
"FT2053","Cer(d18:1/18:0)","Cer(d18:1/18:0)_1","Sphingolipids [SP]","Ceramides [Cer]","Adduct[M+CH3COO]-","[M+CH3COO]-","endogenous",,624.557012363971,649.702309231154,0.294472836654905,-10.0856323661135,2,0.914845828525497,0,0,1,"negative"
"FT2058","DG(32:1)","DG(32:1)_1","Glycerolipids [GL]","Dilglycerides [DG]","Adduct[M+CH3COO]-","[M+CH3COO]-","endogenous","DG(15:0/18:1(d7))",625.50466591659,644.012807938457,0.257715052918704,-13.5033321292852,2,0.916427080578636,0,0,1,"negative"
"FT2061","LPC(22:6/0:0)","LPC(22:6/0:0)_1","Glycerophospholipids [GP]","Monoacylglycerophosphocholines [LPC]","Adduct[M+CH3COO]-","[M+CH3COO]-","endogenous","LPC(18:1/0:0(d7))",626.34629468404,118.838510273957,0.00390684884394303,-4.79112563006777,3,0.917754500230349,0,0,1,"negative"
"FT2062","LPC(0:0/22:6)","LPC(0:0/22:6)_1","Glycerophospholipids [GP]","Monoacylglycerophosphocholines [LPC]","Adduct[M+CH3COO]-","[M+CH3COO]-","endogenous","LPC(18:1/0:0(d7))",626.34629177594,110.568037292708,0.000736109887738684,-0.955695386895414,2,0.921149897556422,0,0,1,"negative"
"FT2065","Cer(d18:0/18:0)","Cer(d18:0/18:0)_1","Sphingolipids [SP]","Ceramides [Cer]","Adduct[M+CH3COO]-","[M+CH3COO]-","endogenous",,626.57201275739,686.650205179121,1.3303894591843,2.25554782335541,2,0.914135985368306,0,0,1,"negative"
"FT2072","LPC(22:5/0:0)","LPC(22:5/0:0)_1","Glycerophospholipids [GP]","Monoacylglycerophosphocholines [LPC]","Adduct[M+CH3COO]-","[M+CH3COO]-","endogenous","LPC(18:1/0:0(d7))",628.361575419606,133.668967400879,0.583869852326987,-2.11646544924062,2,0.922997355923007,0,0,1,"negative"
"FT2079","LPC(22:4/0:0)","LPC(22:4/0:0)_1","Glycerophospholipids [GP]","Monoacylglycerophosphocholines [LPC]","Adduct[M+CH3COO]-","[M+CH3COO]-","endogenous","LPC(18:1/0:0(d7))",630.377213833616,161.597560511043,0.600484199797894,-0.327332760860202,2,0.921684065135821,0,0,1,"negative"
"FT2151","DG(34:3)","DG(34:3)_1","Glycerolipids [GL]","Dilglycerides [DG]","Adduct[M+CH3COO]-","[M+CH3COO]-","endogenous","DG(15:0/18:1(d7))",649.504767351967,555.722251172457,0.0920187661968629,-11.1082817219403,2,0.911116029943758,0,0,1,"negative"
"FT2163","DG(34:2)","DG(34:2)_1; DG(34:2)_2","Glycerolipids [GL]","Dilglycerides [DG]","Adduct[M+CH3COO]-","[M+CH3COO]-","endogenous","DG(15:0/18:1(d7))",651.520539503208,677.922435783329,0.0956537974796918,10.3059213517,4,0.891897324335087,1,1,2,"negative"
"FT2172","Cer(d18:1/20:0)","Cer(d18:1/20:0)_1","Sphingolipids [SP]","Ceramides [Cer]","Adduct[M+CH3COO]-","[M+CH3COO]-","endogenous",,652.588410657461,709.598143716139,0.131399861274093,12.8856807969086,2,0.908415010852916,2,1,1,"negative"
"FT2182","DG(34:1)","DG(34:1)_1","Glycerolipids [GL]","Dilglycerides [DG]","Adduct[M+CH3COO]-","[M+CH3COO]-","endogenous","DG(15:0/18:1(d7))",653.536336284014,708.141856445752,0.319855332065199,12.5747621545401,4,0.860376940475878,1,1,1,"negative"
"FT2286","DG(36:5)","DG(36:5)_1; DG(36:5)_2","Glycerolipids [GL]","Dilglycerides [DG]","Adduct[M+CH3COO]-","[M+CH3COO]-","endogenous","DG(15:0/18:1(d7))",673.503793935275,516.899698376046,1.53403997019779,9.5403286074424,2,0.904815117802949,0,0,2,"negative"
"FT2296","DG(36:4)","DG(36:4)_1","Glycerolipids [GL]","Dilglycerides [DG]","Adduct[M+CH3COO]-","[M+CH3COO]-","endogenous","DG(15:0/18:1(d7))",675.520417061567,591.293133789779,0.0889998678785498,-17.6768776408258,3,0.964658172833246,0,0,1,"negative"
"FT2297","DG(36:4)","DG(36:4)_3; DG(36:4)_4","Glycerolipids [GL]","Dilglycerides [DG]","Adduct[M+CH3COO]-","[M+CH3COO]-","endogenous","DG(15:0/18:1(d7))",675.520813419514,659.524154957694,0.497744665934411,15.2733869098117,2,0.903817568955318,0,0,2,"negative"
"FT2313","DG(36:3)","DG(36:3)_1","Glycerolipids [GL]","Dilglycerides [DG]","Adduct[M+CH3COO]-","[M+CH3COO]-","endogenous","DG(15:0/18:1(d7))",677.53631420609,686.727877496789,0.275939663257378,7.97767454588336,6,0.959828491029944,1,0.5,1,"negative"
"FT2320","Cer(d40:2)","Cer(d40:2)_1; Cer(d18:2/22:0)_1","Sphingolipids [SP]","Ceramides [Cer]","Adduct[M+CH3COO]-","[M+CH3COO]-","endogenous",,678.604041390707,713.376720794521,0.154848734500063,15.5186851409904,4,0.843266777114276,1,0.5,2,"negative"
"FT2328","DG(0:0_18:1_18:1)","DG(0:0_18:1_18:1)_1","Glycerolipids [GL]","Dilglycerides [DG]","Adduct[M+CH3COO]-","[M+CH3COO]-","endogenous","DG(15:0/18:1(d7))",679.55227599379,710.745906139677,0.7338404633239,12.9552626786199,4,0.951188602588592,1,0.5,1,"negative"
"FT2337","Cer(d18:1/22:0)","Cer(d18:1/22:0)_1","Sphingolipids [SP]","Ceramides [Cer]","Adduct[M+CH3COO]-","[M+CH3COO]-","endogenous",,680.620443669867,727.066592857397,0.950800976822112,8.15366435269584,3,0.962950810466829,2,0.666666666666667,1,"negative"
"FT2352","Cer(d18:0/22:0)","Cer(d18:0/22:0)_1","Sphingolipids [SP]","Ceramides [Cer]","Adduct[M+CH3COO]-","[M+CH3COO]-","endogenous",,682.635023052264,733.495337698973,0.620459774278505,8.7035317628538,3,0.85148505295619,2,1,1,"negative"
"FT2404","Cer(d18:1/23:1)","Cer(d18:1/23:1)_1; Cer(d18:2/23:0)_1","Sphingolipids [SP]","Ceramides [Cer]","Adduct[M+CH3COO]-","[M+CH3COO]-","endogenous",,692.619704752278,721.571851200561,0.132516601954311,14.7449100351433,3,0.833365694394573,1,1,2,"negative"
"FT2412","Cer(d18:1/23:0)","Cer(d18:1/23:0)_1","Sphingolipids [SP]","Ceramides [Cer]","Adduct[M+CH3COO]-","[M+CH3COO]-","endogenous",,694.636122291731,735.345700371808,0.972728407446503,8.25577763125204,3,0.841818244046971,2,0.666666666666667,1,"negative"
"FT2432","Cer(d18:0/23:0)","Cer(d18:0/23:0)_1","Sphingolipids [SP]","Ceramides [Cer]","Adduct[M+CH3COO]-","[M+CH3COO]-","endogenous",,696.650517448799,741.783184676824,0.831428390785003,6.85068171471153,3,0.844201055729955,2,1,1,"negative"
"FT2471","DG(38:5)","DG(38:5)_1","Glycerolipids [GL]","Dilglycerides [DG]","Adduct[M+CH3COO]-","[M+CH3COO]-","endogenous","DG(15:0/18:1(d7))",701.535607668345,674.744967005628,0.740629931698666,3.77803834503925,3,0.835057235476129,0,0,1,"negative"
"FT2502","Cer(d18:1/24:1)","Cer(d18:1/24:1)_1; Cer(d18:2/24:0)_1","Sphingolipids [SP]","Ceramides [Cer]","Adduct[M+CH3COO]-","[M+CH3COO]-","endogenous",,706.635975520135,727.464162084119,0.748504817188805,10.5102637449432,3,0.840181771086695,2,0.666666666666667,2,"negative"
"FT2513","Cer(d18:0/24:1)","Cer(d18:0/24:1)_1; Cer(d18:1/24:0)_1","Sphingolipids [SP]","Ceramides [Cer]","Adduct[M+CH3COO]-","[M+CH3COO]-","endogenous",,708.649107471446,732.693452197655,2.80701301784025,8.98300112853201,3,0.857950625967307,0,0,2,"negative"
"FT2531","Cer(d18:0/24:0)","Cer(d18:0/24:0)_1","Sphingolipids [SP]","Ceramides [Cer]","Adduct[M+CH3COO]-","[M+CH3COO]-","endogenous",,710.666422668644,750.643139349114,0.455994117782095,4.41726255155436,3,0.84330342186578,2,1,1,"negative"
"FT2554","PE(16:0/18:2)","PE(16:0/18:2)_1","Glycerophospholipids [GP]","Diacylglycerophosphoethanolamines [PE]","Adduct[M-H]-","[M-H]-","endogenous","PE(15:0/18:1(d7))",714.50765110036,464.201704040293,0.359558008189419,5.89543536753519,3,0.9593145325282,0,0,1,"negative"
"FT2571","PE(16:0/18:1)","PE(16:0/18:1)_1","Glycerophospholipids [GP]","Diacylglycerophosphoethanolamines [PE]","Adduct[M-H]-","[M-H]-","endogenous","PE(15:0/18:1(d7))",716.52323894228,546.071003771432,0.445385662437964,-10.1712532086113,2,0.90517533163034,0,0,1,"negative"
"FT2607","PE(O-16:1/20:5) // PE(P-16:0/20:5)","PE(O-16:1/20:5) // PE(P-16:0/20:5)_1","Glycerophospholipids [GP]","1-Alkyl-2-acyl-glycerophosphoethanolamines // 1-Acyl-2-alkylglycerophosphoethanolamines // 1-(1Z-alkenyl)-2-acylglycerophosphoethanolamines [PE O/P-]","Adduct[M-H]-","[M-H]-","endogenous","PE(15:0/18:1(d7))",720.497179551081,440.337038679501,0.226776850813379,6.57134850555445,2,0.900404395156472,0,0,1,"negative"
"FT2609","Cer(d18:1/25:1)","Cer(d18:1/25:1)_1","Sphingolipids [SP]","Ceramides [Cer]","Adduct[M+CH3COO]-","[M+CH3COO]-","endogenous",,720.650323686699,731.763343587068,1.0726100371722,9.20174728652489,2,0.892985846903423,1,1,1,"negative"
"FT2620","PE(O-16:1/20:4) // PE(P-16:0/20:4)","PE(O-16:1/20:4) // PE(P-16:0/20:4)_1","Glycerophospholipids [GP]","1-Alkyl-2-acyl-glycerophosphoethanolamines // 1-Acyl-2-alkylglycerophosphoethanolamines // 1-(1Z-alkenyl)-2-acylglycerophosphoethanolamines [PE O/P-]","Adduct[M-H]-","[M-H]-","endogenous","PE(15:0/18:1(d7))",722.512877567103,503.600135174343,0.159776085109493,-3.75923459426031,6,0.913083382601508,1,1,1,"negative"
"FT2625","Cer(d18:1/25:0)","Cer(d18:1/25:0)_1; Cer(d19:1/24:0)_1","Sphingolipids [SP]","Ceramides [Cer]","Adduct[M+CH3COO]-","[M+CH3COO]-","endogenous",,722.666765232237,749.506251811145,0.0256047996138164,5.51207201911325,3,0.822551771465273,2,1,2,"negative"
"FT2643","PE(O-36:4) // PE(P-36:3)","PE(O-36:4) // PE(P-36:3)_1; PE(O-18:2/18:2) // PE(P-18:1/18:2)_1","Glycerophospholipids [GP]","1-Alkyl-2-acyl-glycerophosphoethanolamines // 1-Acyl-2-alkylglycerophosphoethanolamines // 1-(1Z-alkenyl)-2-acylglycerophosphoethanolamines [PE O/P-]","Adduct[M-H]-","[M-H]-","endogenous","PE(15:0/18:1(d7))",724.527999618079,536.414805725758,0.888099493713548,8.52307726572769,3,0.874241015898119,0,0,2,"negative"
"FT2644","PE(O-36:4) // PE(P-36:3)","PE(O-36:4) // PE(P-36:3)_1","Glycerophospholipids [GP]","1-Alkyl-2-acyl-glycerophosphoethanolamines // 1-Acyl-2-alkylglycerophosphoethanolamines // 1-(1Z-alkenyl)-2-acylglycerophosphoethanolamines [PE O/P-]","Adduct[M-H]-","[M-H]-","endogenous","PE(15:0/18:1(d7))",724.528320995142,522.010193193924,0.444532401367887,-5.88153526610586,2,0.901182785131062,0,0,1,"negative"
"FT2649","Cer(d18:0/25:0)","Cer(d18:0/25:0)_1","Sphingolipids [SP]","Ceramides [Cer]","Adduct[M+CH3COO]-","[M+CH3COO]-","endogenous",,724.681829664199,759.641287428495,0.782589039341667,2.12173627176605,3,0.825806354311127,0,0,1,"negative"
"FT2665","PE(O-18:1/18:2) // PE(P-18:0/18:2)","PE(O-18:1/18:2) // PE(P-18:0/18:2)_1","Glycerophospholipids [GP]","1-Alkyl-2-acyl-glycerophosphoethanolamines // 1-Acyl-2-alkylglycerophosphoethanolamines // 1-(1Z-alkenyl)-2-acylglycerophosphoethanolamines [PE O/P-]","Adduct[M-H]-","[M-H]-","endogenous","PE(15:0/18:1(d7))",726.544071359875,663.972060709704,0.305247630812828,-2.50595803586953,3,0.959719563356009,1,1,1,"negative"
"FT2690","PE(O-18:1/18:1) // PE(P-18:0/18:1)","PE(O-18:1/18:1) // PE(P-18:0/18:1)_1","Glycerophospholipids [GP]","1-Alkyl-2-acyl-glycerophosphoethanolamines // 1-Acyl-2-alkylglycerophosphoethanolamines // 1-(1Z-alkenyl)-2-acylglycerophosphoethanolamines [PE O/P-]","Adduct[M-H]-","[M-H]-","endogenous","PE(15:0/18:1(d7))",728.559692744777,703.559024872669,0.343767490108626,12.4366291313153,4,0.940690694993305,1,1,1,"negative"
"FT2742","Cer(d44:1)","Cer(d44:1)_1; Cer(d20:1/24:0)_1","Sphingolipids [SP]","Ceramides [Cer]","Adduct[M+CH3COO]-","[M+CH3COO]-","endogenous",,736.682152220748,761.342684045875,0.3319910359353,6.05481704395197,2,0.88944888715323,2,1,2,"negative"
"FT2760","PE(16:0/20:4)","PE(16:0/20:4)_1","Glycerophospholipids [GP]","Diacylglycerophosphoethanolamines [PE]","Adduct[M-H]-","[M-H]-","endogenous","PE(15:0/18:1(d7))",738.50757876866,452.471589449698,0.445816132961818,5.95113989448225,3,0.95810408351183,0,0,1,"negative"
"FT2770","Cer(d20:0/24:0)","Cer(d20:0/24:0)_1","Sphingolipids [SP]","Ceramides [Cer]","Adduct[M+CH3COO]-","[M+CH3COO]-","endogenous",,738.697669934455,769.382105886416,0.51025239020368,-0.580775103169572,3,0.828061903142543,1,1,1,"negative"
"FT2785","PE(18:1/18:2)","PE(18:1/18:2)_1","Glycerophospholipids [GP]","Diacylglycerophosphoethanolamines [PE]","Adduct[M-H]-","[M-H]-","endogenous","PE(15:0/18:1(d7))",740.523363769743,477.395580220823,0.262384437396859,2.2625650478675,3,0.828665841553115,0,0,1,"negative"
"FT2804","PE(36:2)","PE(36:2)_1; PE(18:0/18:2)_1","Glycerophospholipids [GP]","Diacylglycerophosphoethanolamines [PE]","Adduct[M-H]-","[M-H]-","endogenous","PE(15:0/18:1(d7))",742.539084832989,584.24766002186,0.166055623799984,7.78457873751131,4,0.963786260849574,1,1,2,"negative"
"FT2826","PE(18:0/18:1)","PE(18:0/18:1)_1","Glycerophospholipids [GP]","Diacylglycerophosphoethanolamines [PE]","Adduct[M-H]-","[M-H]-","endogenous","PE(15:0/18:1(d7))",744.554576230226,682.463389950922,0.378709198510266,7.0697495539639,3,0.956937357751399,1,1,1,"negative"
"FT2844","PE(O-16:1/22:6) // PE(P-16:0/22:6)","PE(O-16:1/22:6) // PE(P-16:0/22:6)_1","Glycerophospholipids [GP]","1-Alkyl-2-acyl-glycerophosphoethanolamines // 1-Acyl-2-alkylglycerophosphoethanolamines // 1-(1Z-alkenyl)-2-acylglycerophosphoethanolamines [PE O/P-]","Adduct[M-H]-","[M-H]-","endogenous","PE(15:0/18:1(d7))",746.512825309489,480.715838013137,0.224641651317405,1.6316498928598,3,0.960088255049239,1,1,1,"negative"
"FT2860","PE(O-18:2/20:4) // PE(P-18:1/20:4)","PE(O-18:2/20:4) // PE(P-18:1/20:4)_1","Glycerophospholipids [GP]","1-Alkyl-2-acyl-glycerophosphoethanolamines // 1-Acyl-2-alkylglycerophosphoethanolamines // 1-(1Z-alkenyl)-2-acylglycerophosphoethanolamines [PE O/P-]","Adduct[M-H]-","[M-H]-","endogenous","PE(15:0/18:1(d7))",748.528466894073,517.811829689364,0.235365110643033,-3.8794772781971,4,0.940382177103107,0,0,1,"negative"
"FT2861","PE(O-38:6) // PE(P-38:5)","PE(O-38:6) // PE(P-38:5)_1","Glycerophospholipids [GP]","1-Alkyl-2-acyl-glycerophosphoethanolamines // 1-Acyl-2-alkylglycerophosphoethanolamines // 1-(1Z-alkenyl)-2-acylglycerophosphoethanolamines [PE O/P-]","Adduct[M-H]-","[M-H]-","endogenous","PE(15:0/18:1(d7))",748.5282087475,497.952394390363,0.580237114928339,-3.30340231855445,2,0.89576091028217,0,0,1,"negative"
"FT2862","PE(O-38:6) // PE(P-38:5)","PE(O-38:6) // PE(P-38:5)_2","Glycerophospholipids [GP]","1-Alkyl-2-acyl-glycerophosphoethanolamines // 1-Acyl-2-alkylglycerophosphoethanolamines // 1-(1Z-alkenyl)-2-acylglycerophosphoethanolamines [PE O/P-]","Adduct[M-H]-","[M-H]-","endogenous","PE(15:0/18:1(d7))",748.528408890566,551.63154889061,0.312855140452869,9.10922594601232,2,0.895805599241801,0,0,1,"negative"
"FT2877","PE(O-18:1/20:4) // PE(P-18:0/20:4)","PE(O-18:1/20:4) // PE(P-18:0/20:4)_1","Glycerophospholipids [GP]","1-Alkyl-2-acyl-glycerophosphoethanolamines // 1-Acyl-2-alkylglycerophosphoethanolamines // 1-(1Z-alkenyl)-2-acylglycerophosphoethanolamines [PE O/P-]","Adduct[M-H]-","[M-H]-","endogenous","PE(15:0/18:1(d7))",750.544250717438,640.851112265613,0.0565167990278104,-16.7318242948581,4,0.968262864750056,1,1,1,"negative"
"FT2912","PE(O-20:1_18:2) // PE(P-20:0_18:2)","PE(O-20:1_18:2) // PE(P-20:0_18:2)_1","Glycerophospholipids [GP]","1-Alkyl-2-acyl-glycerophosphoethanolamines // 1-Acyl-2-alkylglycerophosphoethanolamines // 1-(1Z-alkenyl)-2-acylglycerophosphoethanolamines [PE O/P-]","Adduct[M-H]-","[M-H]-","endogenous","PE(15:0/18:1(d7))",754.575768628421,709.602691846805,0.232401131856021,12.8902289275748,3,0.857561325749755,0,0,1,"negative"
"FT2942","HexCer(d18:1/16:0)","HexCer(d18:1/16:0)_1","Sphingolipids [SP]","Hexosylceramides [HexCer]","Adduct[M+CH3COO]-","[M+CH3COO]-","endogenous",,758.578566830085,422.217278326977,0.203857043447597,9.65991583821676,4,0.823927754402664,2,1,1,"negative"
"FT2975","PE(16:0/22:6)","PE(16:0/22:6)_1","Glycerophospholipids [GP]","Diacylglycerophosphoethanolamines [PE]","Adduct[M-H]-","[M-H]-","endogenous","PE(15:0/18:1(d7))",762.507689766769,433.619005707437,0.286214252535834,8.5180716696708,3,0.956601337559071,0,0,1,"negative"
"FT2990","PE(18:1/20:4)","PE(18:1/20:4)_1","Glycerophospholipids [GP]","Diacylglycerophosphoethanolamines [PE]","Adduct[M-H]-","[M-H]-","endogenous","PE(15:0/18:1(d7))",764.523247433545,464.327555998859,0.406315871071739,5.0747557424022,3,0.95414883551928,0,0,1,"negative"
"FT3015","PE(18:0/20:4)","PE(18:0/20:4)_1","Glycerophospholipids [GP]","Diacylglycerophosphoethanolamines [PE]","Adduct[M-H]-","[M-H]-","endogenous","PE(15:0/18:1(d7))",766.538936534615,567.225178659137,0.354321321791637,-14.5930223630875,4,0.964115588338127,0,0,1,"negative"
"FT3024","Cer(d22:0/24:0)","Cer(d22:0/24:0)_1","Sphingolipids [SP]","Ceramides [Cer]","Adduct[M+CH3COO]-","[M+CH3COO]-","endogenous",,766.729048677456,789.527446304822,0.389065379168932,-5.18684076533771,3,0.805271773594988,1,0.5,1,"negative"
"FT3077","PE(O-18:2/22:6) // PE(P-18:1/22:6)","PE(O-18:2/22:6) // PE(P-18:1/22:6)_1","Glycerophospholipids [GP]","1-Alkyl-2-acyl-glycerophosphoethanolamines // 1-Acyl-2-alkylglycerophosphoethanolamines // 1-(1Z-alkenyl)-2-acylglycerophosphoethanolamines [PE O/P-]","Adduct[M-H]-","[M-H]-","endogenous","PE(15:0/18:1(d7))",772.528378015332,494.489796752302,0.343102188577306,-0.689796514088584,3,0.956798443593328,1,1,1,"negative"
"FT3122","PE(O-18:1/22:5) // PE(P-18:0/22:5)","PE(O-18:1/22:5) // PE(P-18:0/22:5)_1","Glycerophospholipids [GP]","1-Alkyl-2-acyl-glycerophosphoethanolamines // 1-Acyl-2-alkylglycerophosphoethanolamines // 1-(1Z-alkenyl)-2-acylglycerophosphoethanolamines [PE O/P-]","Adduct[M-H]-","[M-H]-","endogenous","PE(15:0/18:1(d7))",776.559597403692,657.51039093916,0.445292486483359,-5.62107462333393,2,0.88934002752096,0,0,1,"negative"
"FT3126","PC(O-32:1) // PC(P-32:0)","PC(O-32:1) // PC(P-32:0)_1","Glycerophospholipids [GP]","1-Alkyl-2-acyl-glycerophosphocholines // 1-Acyl-2-alkylglycerophosphocholines // 1-(1Z-alkenyl)-2-acylglycerophosphocholines [PC O/P-]","Adduct[M+CH3COO]-","[M+CH3COO]-","endogenous","PC(15:0/18:1(d7))",776.581061205404,575.389572570355,0.0231854791734866,-9.66291159593652,3,0.945563984021887,0,0,1,"negative"
"FT3170","PC(O-16:0/16:0)","PC(O-16:0/16:0)_1","Glycerophospholipids [GP]","1-Alkyl-2-acyl-glycerophosphocholines // 1-Acyl-2-alkylglycerophosphocholines [PC O-]","Adduct[M+CH3COO]-","[M+CH3COO]-","endogenous","PC(15:0/18:1(d7))",778.596269957655,595.470298376205,0.543678836274765,-12.3853139886147,3,0.950853540400481,1,0.333333333333333,1,"negative"
"FT3265","PC(14:0_18:2)","PC(14:0_18:2)_1","Glycerophospholipids [GP]","Diacylglycerophosphocholines [PC]","Adduct[M+CH3COO]-","[M+CH3COO]-","endogenous","PC(15:0/18:1(d7))",788.544471670438,369.592472070412,0.23638630980866,15.5689397910003,3,0.952565301533366,1,0.25,1,"negative"
"FT3277","PE(18:0/22:6)","PE(18:0/22:6)_1","Glycerophospholipids [GP]","Diacylglycerophosphoethanolamines [PE]","Adduct[M-H]-","[M-H]-","endogenous","PE(15:0/18:1(d7))",790.539000033065,540.328456307699,0.263241509994462,-9.51037272991891,3,0.815443420352527,0,0,1,"negative"
"FT3279","PC(16:0_16:1)","PC(16:0_16:1)_1","Glycerophospholipids [GP]","Diacylglycerophosphocholines [PC]","Adduct[M+CH3COO]-","[M+CH3COO]-","endogenous","PC(15:0/18:1(d7))",790.560885980029,425.560626154868,0.730929978085538,12.0237895254317,3,0.952475707436637,3,0.6,1,"negative"
"FT3291","PE(40:5)","PE(40:5)_1","Glycerophospholipids [GP]","Diacylglycerophosphoethanolamines [PE]","Adduct[M-H]-","[M-H]-","endogenous","PE(15:0/18:1(d7))",792.554937112361,580.948109950098,0.0995670654757404,-18.7973662442057,2,0.884090059816107,0,0,1,"negative"
"FT3293","PC(16:0/16:0)","PC(16:0/16:0)_1","Glycerophospholipids [GP]","Diacylglycerophosphocholines [PC]","Adduct[M+CH3COO]-","[M+CH3COO]-","endogenous","PC(15:0/18:1(d7))",792.576647218099,510.476941357512,0.869340145899071,4.09601514678735,3,0.952250153578515,4,1,1,"negative"
"FT3368","PC(O-16:1/18:2) // PC(P-16:0/18:2)","PC(O-16:1/18:2) // PC(P-16:0/18:2)_1","Glycerophospholipids [GP]","1-Alkyl-2-acyl-glycerophosphocholines // 1-Acyl-2-alkylglycerophosphocholines // 1-(1Z-alkenyl)-2-acylglycerophosphocholines [PC O/P-]","Adduct[M+CH3COO]-","[M+CH3COO]-","endogenous","PC(15:0/18:1(d7))",800.580981775792,499.540445629108,0.0767245341831071,5.20938181505284,3,0.811021339335224,2,0.666666666666667,1,"negative"
"FT3395","PC(O-34:2) // PC(P-34:1)","PC(O-34:2) // PC(P-34:1)_1","Glycerophospholipids [GP]","1-Alkyl-2-acyl-glycerophosphocholines // 1-Acyl-2-alkylglycerophosphocholines // 1-(1Z-alkenyl)-2-acylglycerophosphocholines [PC O/P-]","Adduct[M+CH3COO]-","[M+CH3COO]-","endogenous","PC(15:0/18:1(d7))",802.596527010822,517.001625402582,0.207144358817377,3.51052127293622,3,0.868876713369596,2,0.666666666666667,1,"negative"
"FT3396","PC(O-16:1/18:1) // PC(P-16:0/18:1)","PC(O-16:1/18:1) // PC(P-16:0/18:1)_1","Glycerophospholipids [GP]","1-Alkyl-2-acyl-glycerophosphocholines // 1-Acyl-2-alkylglycerophosphocholines // 1-(1Z-alkenyl)-2-acylglycerophosphocholines [PC O/P-]","Adduct[M+CH3COO]-","[M+CH3COO]-","endogenous","PC(15:0/18:1(d7))",802.596580151672,593.186020866249,0.140933209000749,-14.6695914985698,3,0.858546230108082,1,0.333333333333333,1,"negative"
"FT3430","PC(O-34:1) // PC(P-34:0)","PC(O-34:1) // PC(P-34:0)_1","Glycerophospholipids [GP]","1-Alkyl-2-acyl-glycerophosphocholines // 1-Acyl-2-alkylglycerophosphocholines // 1-(1Z-alkenyl)-2-acylglycerophosphocholines [PC O/P-]","Adduct[M+CH3COO]-","[M+CH3COO]-","endogenous","PC(15:0/18:1(d7))",804.612069129958,612.601938368386,0.340783289395535,-18.3765853295064,3,0.861725010217045,1,1,1,"negative"
"FT3453","PC(O-34:0)","PC(O-34:0)_1","Glycerophospholipids [GP]","1-Alkyl-2-acyl-glycerophosphocholines // 1-Acyl-2-alkylglycerophosphocholines [PC O-]","Adduct[M+CH3COO]-","[M+CH3COO]-","endogenous","PC(15:0/18:1(d7))",806.626927415667,700.463263590785,1.32152236463019,12.7057879126776,2,0.885052766558313,0,0,1,"negative"
"FT3458","PI(16:0/16:1)","PI(16:0/16:1)_1","Glycerophospholipids [GP]","Diacylglycerophosphoinsoitoles [PI]","Adduct[M-H]-","[M-H]-","endogenous","PI(15:0/18:1)(d7))",807.502512942831,336.478092040453,0.459640301090488,10.1259338484757,2,0.88992847351395,0,0,1,"negative"
"FT3497","PC(14:0_20:4)","PC(14:0_20:4)_1","Glycerophospholipids [GP]","Diacylglycerophosphocholines [PC]","Adduct[M+CH3COO]-","[M+CH3COO]-","endogenous","PC(15:0/18:1(d7))",812.544437595916,361.593318831228,0.271339773916518,15.914418388931,3,0.94926818561606,1,0.333333333333333,1,"negative"
"FT3510","PC(16:0/18:3)","PC(16:0/18:3)_1; PC(16:1_18:2)_1","Glycerophospholipids [GP]","Diacylglycerophosphocholines [PC]","Adduct[M+CH3COO]-","[M+CH3COO]-","endogenous","PC(15:0/18:1(d7))",814.560144477587,380.520683896407,0.20091601715262,15.3114975550139,3,0.867889921559487,1,0.333333333333333,2,"negative"
"FT3512","PC(18:0/16:3)","PC(18:0/16:3)_1","Glycerophospholipids [GP]","Diacylglycerophosphocholines [PC]","Adduct[M+CH3COO]-","[M+CH3COO]-","endogenous","PC(15:0/18:1(d7))",814.560122424773,394.674208709199,0.22798929129684,4.0421113698219,3,0.807797660809313,1,0.333333333333333,1,"negative"
"FT3625","PC(O-16:1/20:4) // PC(P-16:0/20:4)","PC(O-16:1/20:4) // PC(P-16:0/20:4)_1","Glycerophospholipids [GP]","1-Alkyl-2-acyl-glycerophosphocholines // 1-Acyl-2-alkylglycerophosphocholines // 1-(1Z-alkenyl)-2-acylglycerophosphocholines [PC O/P-]","Adduct[M+CH3COO]-","[M+CH3COO]-","endogenous","PC(15:0/18:1(d7))",824.581099997625,483.487705196407,0.0688805848987271,6.38042139662622,3,0.951799973497746,1,0.333333333333333,1,"negative"
"FT3651","PC(O-36:4) // PC(P-36:3)","PC(O-36:4) // PC(P-36:3)_1","Glycerophospholipids [GP]","1-Alkyl-2-acyl-glycerophosphocholines // 1-Acyl-2-alkylglycerophosphocholines // 1-(1Z-alkenyl)-2-acylglycerophosphocholines [PC O/P-]","Adduct[M+CH3COO]-","[M+CH3COO]-","endogenous","PC(15:0/18:1(d7))",826.596324380138,532.892235400205,0.446268494012383,-0.231614876248273,2,0.881325664366536,0,0,1,"negative"
"FT3670","PC(35:3)","PC(35:3)_1","Glycerophospholipids [GP]","Diacylglycerophosphocholines [PC]","Adduct[M+CH3COO]-","[M+CH3COO]-","endogenous","PC(15:0/18:1(d7))",828.575098841315,417.564150826631,1.03715136431844,12.7084919734969,2,0.880876814951763,0,0,1,"negative"
"FT3673","PC(O-18:1/18:2) // PC(P-18:0/18:2)","PC(O-18:1/18:2) // PC(P-18:0/18:2)_1","Glycerophospholipids [GP]","1-Alkyl-2-acyl-glycerophosphocholines // 1-Acyl-2-alkylglycerophosphocholines // 1-(1Z-alkenyl)-2-acylglycerophosphocholines [PC O/P-]","Adduct[M+CH3COO]-","[M+CH3COO]-","endogenous","PC(15:0/18:1(d7))",828.611380549877,529.885252210011,1.16191670265454,-2.17793965289093,3,0.789461847539182,1,1,1,"negative"
"FT3675","PC(O-36:3) // PC(P-36:2)","PC(O-36:3) // PC(P-36:2)_1","Glycerophospholipids [GP]","1-Alkyl-2-acyl-glycerophosphocholines // 1-Acyl-2-alkylglycerophosphocholines // 1-(1Z-alkenyl)-2-acylglycerophosphocholines [PC O/P-]","Adduct[M+CH3COO]-","[M+CH3COO]-","endogenous","PC(15:0/18:1(d7))",828.612136355884,635.368149137385,0.249782079900129,-15.5417197813211,2,0.881098032373043,0,0,1,"negative"
"FT3699","PC(O-18:1/18:1) // PC(P-18:0/18:1)","PC(O-18:1/18:1) // PC(P-18:0/18:1)_1; PC(O-18:0_18:2)_1","Glycerophospholipids [GP]","1-Alkyl-2-acyl-glycerophosphocholines // 1-Acyl-2-alkylglycerophosphocholines // 1-(1Z-alkenyl)-2-acylglycerophosphocholines [PC O/P-]","Adduct[M+CH3COO]-","[M+CH3COO]-","endogenous","PC(15:0/18:1(d7))",830.627625125072,662.047236426695,0.443360362010876,13.4030795367331,3,0.83786899984476,0,0,2,"negative"
"FT3700","PC(O-18:1/18:1) // PC(P-18:0/18:1)","PC(O-18:1/18:1) // PC(P-18:0/18:1)_1","Glycerophospholipids [GP]","1-Alkyl-2-acyl-glycerophosphocholines // 1-Acyl-2-alkylglycerophosphocholines // 1-(1Z-alkenyl)-2-acylglycerophosphocholines [PC O/P-]","Adduct[M+CH3COO]-","[M+CH3COO]-","endogenous","PC(15:0/18:1(d7))",830.625291979517,633.233904680171,3.25225384192112,-15.4102522097907,2,0.880924332812222,0,0,1,"negative"
"FT3725","PI(16:0/18:2)","PI(16:0/18:2)_1","Glycerophospholipids [GP]","Diacylglycerophosphoinsoitoles [PI]","Adduct[M-H]-","[M-H]-","endogenous","PI(15:0/18:1)(d7))",833.518290214857,350.625867556211,0.292678605966203,10.4892174920162,3,0.948533198476259,1,1,1,"negative"
"FT3748","PI(18:1/16:0)","PI(18:1/16:0)_1; PI(16:0/18:1)_1","Glycerophospholipids [GP]","Diacylglycerophosphoinsoitoles [PI]","Adduct[M-H]-","[M-H]-","endogenous","PI(15:0/18:1)(d7))",835.53397803319,396.26764989279,0.246786923020357,8.5349093900553,3,0.948314655712396,1,1,2,"negative"
"FT3757","PC(14:0_22:6)","PC(14:0_22:6)_1","Glycerophospholipids [GP]","Diacylglycerophosphocholines [PC]","Adduct[M+CH3COO]-","[M+CH3COO]-","endogenous","PC(15:0/18:1(d7))",836.540800622417,350.354477500468,4.61116946490452,15.7988720761458,2,0.879767566931041,0,0,1,"negative"
"FT3777","PC(16:0/20:5)","PC(16:0/20:5)_1","Glycerophospholipids [GP]","Diacylglycerophosphocholines [PC]","Adduct[M+CH3COO]-","[M+CH3COO]-","endogenous","PC(15:0/18:1(d7))",838.560302173528,387.60571223657,0.0071101294299121,13.9619217988149,3,0.859563724157717,2,0.4,1,"negative"
"FT3779","PC(18:2/18:3)","PC(18:2/18:3)_1; PC(16:1/20:4)_1","Glycerophospholipids [GP]","Diacylglycerophosphocholines [PC]","Adduct[M+CH3COO]-","[M+CH3COO]-","endogenous","PC(15:0/18:1(d7))",838.559768789534,355.351138953226,0.643181248595592,16.0997222439204,2,0.8793470802347,0,0,2,"negative"
"FT3795","PC(18:2/18:2)","PC(18:2/18:2)_1; PC(36:4)_1","Glycerophospholipids [GP]","Diacylglycerophosphocholines [PC]","Adduct[M+CH3COO]-","[M+CH3COO]-","endogenous","PC(15:0/18:1(d7))",840.576095863042,398.761057169524,0.163772281216404,13.8095684586672,4,0.93138451597004,4,0.8,2,"negative"
"FT3813","PC(18:1/18:2)","PC(18:1/18:2)_1","Glycerophospholipids [GP]","Diacylglycerophosphocholines [PC]","Adduct[M+CH3COO]-","[M+CH3COO]-","endogenous","PC(15:0/18:1(d7))",842.591986802405,461.635373340111,0.449254657741058,10.2339396634699,3,0.94988389083277,3,0.6,1,"negative"
"FT3814","PC(16:0_20:3)","PC(16:0_20:3)_1","Glycerophospholipids [GP]","Diacylglycerophosphocholines [PC]","Adduct[M+CH3COO]-","[M+CH3COO]-","endogenous","PC(15:0/18:1(d7))",842.592204897066,478.076240400932,0.70809258073854,8.91005382842877,4,0.930790288203248,4,0.8,1,"negative"
"FT3815","PC(16:0_20:3)","PC(16:0_20:3)_2","Glycerophospholipids [GP]","Diacylglycerophosphocholines [PC]","Adduct[M+CH3COO]-","[M+CH3COO]-","endogenous","PC(15:0/18:1(d7))",842.591269953404,507.997365406136,0.401512183251552,4.66946440401568,3,0.853618969321599,0,0,1,"negative"
"FT3870","PC(18:0_18:1)","PC(18:0_18:1)_1","Glycerophospholipids [GP]","Diacylglycerophosphocholines [PC]","Adduct[M+CH3COO]-","[M+CH3COO]-","endogenous","PC(15:0/18:1(d7))",846.623483915202,670.649939164818,0.679786237637056,4.17192041924466,3,0.949411625246661,4,0.8,1,"negative"
"FT3918","PC(37:6)","PC(37:6)_1","Glycerophospholipids [GP]","Diacylglycerophosphocholines [PC]","Adduct[M+CH3COO]-","[M+CH3COO]-","endogenous","PC(15:0/18:1(d7))",850.559618645023,382.219342041217,0.810631263527311,13.3037614553159,2,0.876118942365887,0,0,1,"negative"
"FT3922","PC(O-38:6) // PC(P-38:5)","PC(O-38:6) // PC(P-38:5)_2; PC(O-16:1_22:5) // PC(P-16:0_22:5)_1","Glycerophospholipids [GP]","1-Alkyl-2-acyl-glycerophosphocholines // 1-Acyl-2-alkylglycerophosphocholines // 1-(1Z-alkenyl)-2-acylglycerophosphocholines [PC O/P-]","Adduct[M+CH3COO]-","[M+CH3COO]-","endogenous","PC(15:0/18:1(d7))",850.595663274935,478.709030846084,1.21090203126007,8.58972794462352,5,0.795002847847632,0,0,2,"negative"
"FT3940","PC(O-18:1/20:4) // PC(P-18:0/20:4)","PC(O-18:1/20:4) // PC(P-18:0/20:4)_1; PC(O-38:5) // PC(P-38:4)_3","Glycerophospholipids [GP]","1-Alkyl-2-acyl-glycerophosphocholines // 1-Acyl-2-alkylglycerophosphocholines // 1-(1Z-alkenyl)-2-acylglycerophosphocholines [PC O/P-]","Adduct[M+CH3COO]-","[M+CH3COO]-","endogenous","PC(15:0/18:1(d7))",852.612229309671,513.50058168847,0.133728685632176,1.05389325053784,5,0.798544903260871,2,0.666666666666667,2,"negative"
"FT3941","PC(O-38:5) // PC(P-38:4)","PC(O-38:5) // PC(P-38:4)_2","Glycerophospholipids [GP]","1-Alkyl-2-acyl-glycerophosphocholines // 1-Acyl-2-alkylglycerophosphocholines // 1-(1Z-alkenyl)-2-acylglycerophosphocholines [PC O/P-]","Adduct[M+CH3COO]-","[M+CH3COO]-","endogenous","PC(15:0/18:1(d7))",852.612344746269,612.255651190685,0.00166297181263828,-17.5977580727628,3,0.786949063193313,0,0,1,"negative"
"FT3942","PC(O-38:5) // PC(P-38:4)","PC(O-38:5) // PC(P-38:4)_4; PC(O-38:5) // PC(P-38:4)_1","Glycerophospholipids [GP]","1-Alkyl-2-acyl-glycerophosphocholines // 1-Acyl-2-alkylglycerophosphocholines // 1-(1Z-alkenyl)-2-acylglycerophosphocholines [PC O/P-]","Adduct[M+CH3COO]-","[M+CH3COO]-","endogenous","PC(15:0/18:1(d7))",852.61214435946,574.600385538986,0.233363896388688,16.2594489552168,2,0.874830508326143,0,0,2,"negative"
"FT3962","PC(O-38:4) // PC(P-38:3)","PC(O-38:4) // PC(P-38:3)_1","Glycerophospholipids [GP]","1-Alkyl-2-acyl-glycerophosphocholines // 1-Acyl-2-alkylglycerophosphocholines // 1-(1Z-alkenyl)-2-acylglycerophosphocholines [PC O/P-]","Adduct[M+CH3COO]-","[M+CH3COO]-","endogenous","PC(15:0/18:1(d7))",854.626953159276,567.299145499117,1.21717675080812,-9.16393578523218,2,0.874634944948358,0,0,1,"negative"
"FT3985","PC(37:3)","PC(37:3)_2","Glycerophospholipids [GP]","Diacylglycerophosphocholines [PC]","Adduct[M+CH3COO]-","[M+CH3COO]-","endogenous","PC(15:0/18:1(d7))",856.60652091075,535.898410772888,0.860858512448428,1.71299281303584,2,0.875808257835364,0,0,1,"negative"
"FT3986","PC(37:3)","PC(37:3)_1","Glycerophospholipids [GP]","Diacylglycerophosphocholines [PC]","Adduct[M+CH3COO]-","[M+CH3COO]-","endogenous","PC(15:0/18:1(d7))",856.603674323331,515.014675518882,4.18395365468749,3.6115699209243,2,0.875633620666924,0,0,1,"negative"
"FT3994","PI(16:0/20:4)","PI(16:0/20:4)_1","Glycerophospholipids [GP]","Diacylglycerophosphoinsoitoles [PI]","Adduct[M-H]-","[M-H]-","endogenous","PI(15:0/18:1)(d7))",857.518266905637,344.662624209475,0.311669371619311,10.9344770406694,4,0.928555079309055,1,1,1,"negative"
"FT4014","PC(37:2)","PC(37:2)_1; PC(37:2)_2","Glycerophospholipids [GP]","Diacylglycerophosphocholines [PC]","Adduct[M+CH3COO]-","[M+CH3COO]-","endogenous","PC(15:0/18:1(d7))",858.621643043327,638.350382728981,1.47369614878112,10.9440247480101,2,0.875681570537714,0,0,2,"negative"
"FT4023","PI(18:1/18:2)","PI(18:1/18:2)_1; PI(16:0/20:3)_1","Glycerophospholipids [GP]","Diacylglycerophosphoinsoitoles [PI]","Adduct[M-H]-","[M-H]-","endogenous","PI(15:0/18:1)(d7))",859.533829357698,358.540915610475,0.412868281883957,10.1402573247766,3,0.9462967421775,1,1,2,"negative"
"FT4053","PI(18:1/18:1)","PI(18:1/18:1)_1; PI(18:0/18:2)_1","Glycerophospholipids [GP]","Diacylglycerophosphoinsoitoles [PI]","Adduct[M-H]-","[M-H]-","endogenous","PI(15:0/18:1)(d7))",861.549797293299,417.80045006795,0.0429493451987293,18.6706873830691,3,0.947014832643447,1,1,2,"negative"
"FT4076","PI(18:0/18:1)","PI(18:0/18:1)_1","Glycerophospholipids [GP]","Diacylglycerophosphoinsoitoles [PI]","Adduct[M-H]-","[M-H]-","endogenous","PI(15:0/18:1)(d7))",863.565020573609,482.520147475045,0.537060476567005,-2.63124230346023,3,0.943811189218683,1,1,1,"negative"
"FT4089","PC(18:2/20:4)","PC(18:2/20:4)_1; PC(38:6)_1; PC(38:6)_2; PC(16:0/22:6)_1","Glycerophospholipids [GP]","Diacylglycerophosphocholines [PC]","Adduct[M+CH3COO]-","[M+CH3COO]-","endogenous","PC(15:0/18:1(d7))",864.575470764484,388.839495663664,0.563785646758174,14.2373012548888,3,0.948178245416298,2,0.5,4,"negative"
"FT4115","PC(38:5)","PC(38:5)_1; PC(18:1_20:4)_1; PC(18:0/20:5)_1","Glycerophospholipids [GP]","Diacylglycerophosphocholines [PC]","Adduct[M+CH3COO]-","[M+CH3COO]-","endogenous","PC(15:0/18:1(d7))",866.591543509134,447.63045804362,0.0747238554746667,9.01952821638537,4,0.928010822592394,2,0.666666666666667,3,"negative"
"FT4143","PC(18:1/20:3)","PC(18:1/20:3)_1; PC(18:0/20:4)_1; PC(38:4)_1","Glycerophospholipids [GP]","Diacylglycerophosphocholines [PC]","Adduct[M+CH3COO]-","[M+CH3COO]-","endogenous","PC(15:0/18:1(d7))",868.60679605198,492.007842258038,0.532204186736295,19.8611846081185,3,0.848484176507489,0,0,3,"negative"
"FT4144","PC(16:0/22:4)","PC(16:0/22:4)_1","Glycerophospholipids [GP]","Diacylglycerophosphocholines [PC]","Adduct[M+CH3COO]-","[M+CH3COO]-","endogenous","PC(15:0/18:1(d7))",868.60695703346,514.032200820201,0.346871312879107,3.61053351400818,4,0.781281239359079,0,0,1,"negative"
"FT4146","HexCer(d42:2)","HexCer(d42:2)_1","Sphingolipids [SP]","Hexosylceramides [HexCer]","Adduct[M+CH3COO]-","[M+CH3COO]-","endogenous",,868.687662219878,710.639496753358,0.701864226522098,12.8488532923008,3,0.836319252718673,2,0.666666666666667,1,"negative"
"FT4170","PC(18:0_20:3)","PC(18:0_20:3)_1","Glycerophospholipids [GP]","Diacylglycerophosphocholines [PC]","Adduct[M+CH3COO]-","[M+CH3COO]-","endogenous","PC(15:0/18:1(d7))",870.622994615682,604.758208430315,0.0990360825608507,-12.9504072861885,3,0.94787331144109,4,1,1,"negative"
"FT4204","PC(18:1/20:1)","PC(18:1/20:1)_1","Glycerophospholipids [GP]","Diacylglycerophosphocholines [PC]","Adduct[M+CH3COO]-","[M+CH3COO]-","endogenous","PC(15:0/18:1(d7))",872.639039184546,690.345567542094,0.503283428436749,14.9519271451359,3,0.947055833405733,0,0,1,"negative"
"FT4246","PC(O-40:7) // PC(P-40:6)","PC(O-40:7) // PC(P-40:6)_2","Glycerophospholipids [GP]","1-Alkyl-2-acyl-glycerophosphocholines // 1-Acyl-2-alkylglycerophosphocholines // 1-(1Z-alkenyl)-2-acylglycerophosphocholines [PC O/P-]","Adduct[M+CH3COO]-","[M+CH3COO]-","endogenous","PC(15:0/18:1(d7))",876.611607758445,489.829743846858,0.839105175443965,5.76150127496987,3,0.821710405952056,0,0,1,"negative"
"FT4247","PC(O-40:7) // PC(P-40:6)","PC(O-40:7) // PC(P-40:6)_1","Glycerophospholipids [GP]","1-Alkyl-2-acyl-glycerophosphocholines // 1-Acyl-2-alkylglycerophosphocholines // 1-(1Z-alkenyl)-2-acylglycerophosphocholines [PC O/P-]","Adduct[M+CH3COO]-","[M+CH3COO]-","endogenous","PC(15:0/18:1(d7))",876.611657868169,580.607495896631,0.781942252131142,-10.9316859268137,2,0.868258275145843,0,0,1,"negative"
"FT4269","PC(O-40:6) // PC(P-40:5)","PC(O-40:6) // PC(P-40:5)_2","Glycerophospholipids [GP]","1-Alkyl-2-acyl-glycerophosphocholines // 1-Acyl-2-alkylglycerophosphocholines // 1-(1Z-alkenyl)-2-acylglycerophosphocholines [PC O/P-]","Adduct[M+CH3COO]-","[M+CH3COO]-","endogenous","PC(15:0/18:1(d7))",878.627127954976,606.010956844238,0.98498753814446,-16.1127886736647,2,0.86805027095119,0,0,1,"negative"
"FT4271","PC(O-40:6) // PC(P-40:5)","PC(O-40:6) // PC(P-40:5)_3","Glycerophospholipids [GP]","1-Alkyl-2-acyl-glycerophosphocholines // 1-Acyl-2-alkylglycerophosphocholines // 1-(1Z-alkenyl)-2-acylglycerophosphocholines [PC O/P-]","Adduct[M+CH3COO]-","[M+CH3COO]-","endogenous","PC(15:0/18:1(d7))",878.625772773456,524.950204821075,2.52737126579913,-13.3652833388919,2,0.867833009076508,0,0,1,"negative"
"FT4294","PC(O-20:1_20:4) // PC(P-20:0_20:4)","PC(O-20:1_20:4) // PC(P-20:0_20:4)_1; PC(O-40:5) // PC(P-40:4)_1","Glycerophospholipids [GP]","1-Alkyl-2-acyl-glycerophosphocholines // 1-Acyl-2-alkylglycerophosphocholines // 1-(1Z-alkenyl)-2-acylglycerophosphocholines [PC O/P-]","Adduct[M+CH3COO]-","[M+CH3COO]-","endogenous","PC(15:0/18:1(d7))",880.642742367178,648.837823431769,1.02321708441422,-8.74511312870197,2,0.867309637760068,0,0,2,"negative"
"FT4296","PC(O-40:5) // PC(P-40:4)","PC(O-40:5) // PC(P-40:4)_1","Glycerophospholipids [GP]","1-Alkyl-2-acyl-glycerophosphocholines // 1-Acyl-2-alkylglycerophosphocholines // 1-(1Z-alkenyl)-2-acylglycerophosphocholines [PC O/P-]","Adduct[M+CH3COO]-","[M+CH3COO]-","endogenous","PC(15:0/18:1(d7))",880.643191381522,685.437008224741,0.513346437216358,17.820493793112,2,0.867294425690336,0,0,1,"negative"
"FT4302","PI(38:6)","PI(38:6)_1","Glycerophospholipids [GP]","Diacylglycerophosphoinsoitoles [PI]","Adduct[M-H]-","[M-H]-","endogenous","PI(15:0/18:1)(d7))",881.51812916427,335.575966201298,0.459438587692025,11.9687585768211,3,0.937125168454289,0,0,1,"negative"
"FT4331","PI(38:5)","PI(38:5)_1; PI(18:1/20:4)_1","Glycerophospholipids [GP]","Diacylglycerophosphoinsoitoles [PI]","Adduct[M-H]-","[M-H]-","endogenous","PI(15:0/18:1)(d7))",883.533525175085,351.74402695271,0.745932671930758,10.6663568962172,3,0.854243595460405,1,1,2,"negative"
"FT4359","PI(18:0/20:4)","PI(18:0/20:4)_1","Glycerophospholipids [GP]","Diacylglycerophosphoinsoitoles [PI]","Adduct[M-H]-","[M-H]-","endogenous","PI(15:0/18:1)(d7))",885.550341639299,409.592335838913,0.572912985541739,5.65405787937232,5,0.949509296488835,1,1,1,"negative"
"FT4388","PI(18:0/20:3)","PI(18:0/20:3)_1","Glycerophospholipids [GP]","Diacylglycerophosphoinsoitoles [PI]","Adduct[M-H]-","[M-H]-","endogenous","PI(15:0/18:1)(d7))",887.565246034303,442.69129000703,0.268516747767218,1.15507794332632,3,0.944984851934484,1,1,1,"negative"
"FT4403","PC(20:4/20:4)","PC(20:4/20:4)_1","Glycerophospholipids [GP]","Diacylglycerophosphocholines [PC]","Adduct[M+CH3COO]-","[M+CH3COO]-","endogenous","PC(15:0/18:1(d7))",888.575340899428,376.467371458788,0.694707713542892,14.0610372668422,3,0.822290323529048,0,0,1,"negative"
"FT4430","PC(18:1/22:6)","PC(18:1/22:6)_1; PC(40:7)_2","Glycerophospholipids [GP]","Diacylglycerophosphocholines [PC]","Adduct[M+CH3COO]-","[M+CH3COO]-","endogenous","PC(15:0/18:1(d7))",890.590946756986,430.920897672206,0.742772790271669,11.611462562791,3,0.834291636390343,1,0.5,2,"negative"
"FT4447","PC(18:0/22:6)","PC(18:0/22:6)_1","Glycerophospholipids [GP]","Diacylglycerophosphocholines [PC]","Adduct[M+CH3COO]-","[M+CH3COO]-","endogenous","PC(15:0/18:1(d7))",892.607223008421,520.932773253193,0.0395694505761727,2.26867002308961,4,0.918794586461747,2,0.666666666666667,1,"negative"
"FT4469","PC(40:5)","PC(40:5)_2; PC(18:0/22:5)_1","Glycerophospholipids [GP]","Diacylglycerophosphocholines [PC]","Adduct[M+CH3COO]-","[M+CH3COO]-","endogenous","PC(15:0/18:1(d7))",894.622227625243,558.785536888682,0.760954533030194,7.87102168634954,3,0.943092577101102,1,0.5,2,"negative"
"FT4495","PC(18:0/22:4)","PC(18:0/22:4)_1; PC(40:4)_1","Glycerophospholipids [GP]","Diacylglycerophosphocholines [PC]","Adduct[M+CH3COO]-","[M+CH3COO]-","endogenous","PC(15:0/18:1(d7))",896.638333333835,655.671081083806,0.251074374565284,-4.11686051346089,3,0.944645096064829,1,0.25,2,"negative"
"FT4634","PI(18:0/22:6)","PI(18:0/22:6)_1","Glycerophospholipids [GP]","Diacylglycerophosphoinsoitoles [PI]","Adduct[M-H]-","[M-H]-","endogenous","PI(15:0/18:1)(d7))",909.550063160974,395.758352556209,0.251624116835275,7.00284471832413,3,0.942653518237827,0,0,1,"negative"
"FT4657","PI(18:0/22:5)","PI(18:0/22:5)_1","Glycerophospholipids [GP]","Diacylglycerophosphoinsoitoles [PI]","Adduct[M-H]-","[M-H]-","endogenous","PI(15:0/18:1)(d7))",911.565128819468,417.604220916043,0.390033451517811,5.96822262897473,3,0.827968578254625,0,0,1,"negative"
"FT4669","PC(42:10)","PC(42:10)_1","Glycerophospholipids [GP]","Diacylglycerophosphocholines [PC]","Adduct[M+CH3COO]-","[M+CH3COO]-","endogenous","PC(15:0/18:1(d7))",912.575451054284,363.791460244095,0.555729867538658,15.3352141036975,2,0.858812785174735,0,0,1,"negative"
"FT4893","PC(O-24:1_20:4) // PC(P-24:0_20:4)","PC(O-24:1_20:4) // PC(P-24:0_20:4)_1","Glycerophospholipids [GP]","1-Alkyl-2-acyl-glycerophosphocholines // 1-Acyl-2-alkylglycerophosphocholines // 1-(1Z-alkenyl)-2-acylglycerophosphocholines [PC O/P-]","Adduct[M+CH3COO]-","[M+CH3COO]-","endogenous","PC(15:0/18:1(d7))",936.706081442337,725.342039190162,0.173236021990254,16.2881190974679,3,0.943127251944846,0,0,1,"negative"
"FT4908","PC(O-44:4) // PC(P-44:3)","PC(O-44:4) // PC(P-44:3)_1","Glycerophospholipids [GP]","1-Alkyl-2-acyl-glycerophosphocholines // 1-Acyl-2-alkylglycerophosphocholines // 1-(1Z-alkenyl)-2-acylglycerophosphocholines [PC O/P-]","Adduct[M+CH3COO]-","[M+CH3COO]-","endogenous","PC(15:0/18:1(d7))",938.721735900957,732.719051034559,0.16818276452769,5.62912829400307,3,0.934703090005515,0,0,1,"negative"
