"polarity","phase","candidate_annotations_all_features","candidate_features_all","candidate_lipids_all_features","curated_truth_annotations","curated_truth_features","curated_matches","alternative_candidates_on_curated_features","candidates_on_uncurated_features","uncurated_features_with_candidates","missed_curated_annotations","curated_feature_precision","curated_feature_recall","curated_feature_f1","all_feature_curated_match_rate","ambiguous_candidate_features_all","ambiguous_candidate_features_curated","mean_candidates_per_feature_all","max_candidates_per_feature_all","curated_feature_precision_change_vs_baseline","curated_feature_recall_change_vs_baseline","curated_feature_f1_change_vs_baseline"
"positive","mz_only_all_ranks",6043,2928,536,220,180,220,244,5579,2748,0,0.474137931034483,1,0.64327485380117,0.0364057587291081,1718,120,2.06386612021858,8,0,0,0
"positive","mz_rt_uncorrected_all_ranks",1462,1028,433,220,180,196,46,1220,865,24,0.809917355371901,0.890909090909091,0.848484848484848,0.13406292749658,381,72,1.42217898832685,4,0.335779424337418,-0.109090909090909,0.205209994683679
"positive","mz_rt_corrected_all_ranks",1671,1166,444,220,180,220,49,1402,986,0,0.817843866171004,1,0.899795501022495,0.131657690005984,430,78,1.43310463121784,4,0.343705935136521,0,0.256520647221325
"positive","rank1_mz_only",2512,1439,531,220,180,220,132,2160,1259,0,0.625,1,0.769230769230769,0.0875796178343949,691,108,1.74565670604587,5,0.150862068965517,0,0.1259559154296
"positive","rank1_mz_rt_corrected",760,548,417,220,180,220,36,504,368,0,0.859375,1,0.92436974789916,0.289473684210526,189,71,1.38686131386861,4,0.385237068965517,0,0.28109489409799
"positive","rank1_isotope_filter",285,201,226,220,180,220,35,30,21,0,0.862745098039216,1,0.926315789473684,0.771929824561403,80,71,1.41791044776119,3,0.388607167004733,0,0.283040935672515
"positive","rank1_isotope_adduct_scored",285,201,226,220,180,220,35,30,21,0,0.862745098039216,1,0.926315789473684,0.771929824561403,80,71,1.41791044776119,3,0.388607167004733,0,0.283040935672515
"positive","rank1_isotope_with_adduct_support",170,128,151,220,180,146,10,14,11,74,0.935897435897436,0.663636363636364,0.776595744680851,0.858823529411765,39,36,1.328125,3,0.461759504862953,-0.336363636363636,0.133320890879681
"positive","automatic_ambiguity_resolution",220,180,207,220,180,220,0,0,0,0,1,1,1,1,38,38,1.22222222222222,3,0.525862068965517,0,0.35672514619883
"positive","manual_curation",220,180,207,220,180,220,0,0,0,0,1,1,1,1,38,38,1.22222222222222,3,0.525862068965517,0,0.35672514619883
"negative","mz_only_all_ranks",1755,1041,354,209,175,209,115,1431,866,0,0.645061728395062,1,0.784240150093809,0.119088319088319,482,97,1.68587896253602,5,0,0,0
"negative","mz_rt_uncorrected_all_ranks",522,378,240,209,175,104,52,366,273,105,0.666666666666667,0.497607655502392,0.56986301369863,0.199233716475096,128,45,1.38095238095238,4,0.0216049382716049,-0.502392344497608,-0.214377136395179
"negative","mz_rt_corrected_all_ranks",765,565,314,209,175,209,37,519,390,0,0.849593495934959,1,0.918681318681319,0.273202614379085,185,63,1.35398230088496,4,0.204531767539898,0,0.13444116858751
"negative","rank1_mz_only",1006,579,353,209,175,209,104,693,404,0,0.667731629392971,1,0.800766283524904,0.207753479125248,276,94,1.73747841105354,5,0.0226699009979096,0,0.0165261334310955
"negative","rank1_mz_rt_corrected",456,334,312,209,175,209,32,215,159,0,0.867219917012448,1,0.928888888888889,0.458333333333333,112,60,1.36526946107784,4,0.222158188617386,0,0.14464873879508
"negative","rank1_isotope_filter",275,197,225,209,175,209,32,34,22,0,0.867219917012448,1,0.928888888888889,0.76,71,60,1.39593908629442,4,0.222158188617386,0,0.14464873879508
"negative","rank1_isotope_adduct_scored",275,197,225,209,175,209,32,34,22,0,0.867219917012448,1,0.928888888888889,0.76,71,60,1.39593908629442,4,0.222158188617386,0,0.14464873879508
"negative","rank1_isotope_with_adduct_support",112,80,103,209,175,97,6,9,4,112,0.941747572815534,0.464114832535885,0.621794871794872,0.866071428571429,30,26,1.4,3,0.296685844420472,-0.535885167464115,-0.162445278298937
"negative","automatic_ambiguity_resolution",209,175,205,209,175,209,0,0,0,0,1,1,1,1,30,30,1.19428571428571,3,0.354938271604938,0,0.215759849906191
"negative","manual_curation",209,175,205,209,175,209,0,0,0,0,1,1,1,1,30,30,1.19428571428571,3,0.354938271604938,0,0.215759849906191
