"phase","candidate_annotations_all_features","candidate_features_all","candidate_annotations_curated_features","candidate_features_curated","curated_truth_annotations","curated_truth_features","true_annotations","false_annotations_on_curated_features","candidates_on_uncurated_features","uncurated_features_with_candidates","missed_annotations","precision_curated_features","recall_curated_features","f1_curated_features","all_feature_curated_match_rate","ambiguous_candidate_features_all","ambiguous_candidate_features_curated","max_candidates_per_feature_all","rt_fit_method"
"mz_only_all_ranks",3022,1914,334,190,222,190,222,112,2688,1724,0,0.664670658682635,1,0.798561151079137,0.0734612839179351,769,91,5,"not_used"
"mz_rt_uncorrected_all_ranks",915,699,206,154,222,190,163,43,709,545,59,0.79126213592233,0.734234234234234,0.761682242990654,0.178142076502732,201,46,4,"not_used"
"mz_rt_corrected_all_ranks",1109,842,258,190,222,190,222,36,851,652,0,0.86046511627907,1,0.925,0.200180342651037,243,60,4,"scam_monotone_pspline"
"rank1_mz_only",1721,1114,322,190,222,190,222,100,1399,924,0,0.68944099378882,1,0.816176470588235,0.128994770482278,413,86,5,"not_used"
"rank1_mz_rt_corrected",613,472,251,190,222,190,222,29,362,282,0,0.884462151394422,1,0.938689217758985,0.362153344208809,130,56,3,"scam_monotone_pspline"
"rank1_isotope_filter",305,232,251,190,222,190,222,29,54,42,0,0.884462151394422,1,0.938689217758985,0.727868852459016,68,56,3,"scam_monotone_pspline"
"rank1_isotope_adduct_scored",305,232,251,190,222,190,222,29,54,42,0,0.884462151394422,1,0.938689217758985,0.727868852459016,68,56,3,"scam_monotone_pspline"
"rank1_isotope_with_adduct_support",176,132,160,121,222,190,142,18,16,11,80,0.8875,0.63963963963964,0.743455497382199,0.806818181818182,42,37,3,"scam_monotone_pspline"
"automatic_ambiguity_resolution",222,190,222,190,222,190,222,0,0,0,0,1,1,1,1,29,29,3,"scam_monotone_pspline"
"manual_curation",222,190,222,190,222,190,222,0,0,0,0,1,1,1,1,29,29,3,"scam_monotone_pspline"
