"feature_id","target_lipid.name","target_lipid_name_unique","target_LIPID.CATEGORY..ABBREV.","target_LIPID.SUBCLASS..ABBREV.","target_Adduct","target_adduct","target_IS_norm","mzmed","rtmed","ppm_error","score_rt","isopeak_count","isopeak_sim","adduct_count","adduct_ratio","nb_annotations","ionization_mode"
"FT01358","CAR(2:0)","CAR(2:0)_1","Fatty Acyls [FA]","Carnitines [CAR]","Adduct[M+H]+","[M+H]+","C17 Sphinganine",204.123411355805,44.8429886211884,1.72351965405835,1.82396834076089,4,0.985550576096524,0,0,1,"positive"
"FT02192","CAR(6:0)","CAR(6:0)_1","Fatty Acyls [FA]","Carnitines [CAR]","Adduct[M+H]+","[M+H]+","C17 Sphinganine",260.185408686791,48.8123007881623,0.965140466984447,1.85115844789357,2,0.972216404513966,0,0,1,"positive"
"FT02576","CAR(8:1)","CAR(8:1)_1","Fatty Acyls [FA]","Carnitines [CAR]","Adduct[M+H]+","[M+H]+","C17 Sphinganine",286.201437281126,49.8246369614615,0.445191623858681,1.86321066210036,2,0.971949237351091,0,0,1,"positive"
"FT02604","CAR(8:0)","CAR(8:0)_1","Fatty Acyls [FA]","Carnitines [CAR]","Adduct[M+H]+","[M+H]+","C17 Sphinganine",288.216764429196,51.652768513658,0.678314364498326,1.74936872385354,5,0.893776600852292,0,0,1,"positive"
"FT02612","C17 Sphinganine","C17 Sphinganine_1","Sphingolipids [SP]","Sphingoid bases [SPB]","Adduct[M+H]+","[M+H]+","C17 Sphinganine",288.290779451313,113.752294187269,3.64373478411574,-3.5054591381891,4,0.986890568223207,1,1,1,"positive"
"FT02872","CAR(9:0)","CAR(9:0)_1","Fatty Acyls [FA]","Carnitines [CAR]","Adduct[M+H]+","[M+H]+","C17 Sphinganine",302.232536183595,52.8175844069682,0.244220850449932,1.91365126788702,2,0.967889635518471,0,0,1,"positive"
"FT03154","CAR(10:1)","CAR(10:1)_1","Fatty Acyls [FA]","Carnitines [CAR]","Adduct[M+H]+","[M+H]+","C17 Sphinganine",314.232216725329,54.6765772951401,1.25152437589291,1.83020334615664,3,0.948937753224809,0,0,1,"positive"
"FT03179","CAR(10:0)","CAR(10:0)_1","Fatty Acyls [FA]","Carnitines [CAR]","Adduct[M+H]+","[M+H]+","C17 Sphinganine",316.248274529742,57.810715046739,0.0457565911958161,2.02070111044529,4,0.975241117019963,0,0,1,"positive"
"FT03360","CAR(11:1)","CAR(11:1)_1","Fatty Acyls [FA]","Carnitines [CAR]","Adduct[M+H]+","[M+H]+","C17 Sphinganine",328.24824364872,56.8259136591977,0.0499944160701954,1.03589972290401,2,0.967376837853402,0,0,1,"positive"
"FT03396","CAR(11:0)","CAR(11:0)_1","Fatty Acyls [FA]","Carnitines [CAR]","Adduct[M+H]+","[M+H]+","C17 Sphinganine",330.263641196603,58.8493889989475,0.814278790961648,1.11623264434366,2,0.966763282368095,0,0,1,"positive"
"FT03616","CAR(12:1)","CAR(12:1)_1","Fatty Acyls [FA]","Carnitines [CAR]","Adduct[M+H]+","[M+H]+","C17 Sphinganine",342.263603314896,58.854473440358,0.896409452400801,1.12131708575416,2,0.965633257878013,0,0,1,"positive"
"FT03669","CAR(12:0)","CAR(12:0)_1","Fatty Acyls [FA]","Carnitines [CAR]","Adduct[M+H]+","[M+H]+","C17 Sphinganine",344.279124042134,59.8231577872022,1.26683549120759,-2.85728799492755,2,0.964052769615258,0,0,1,"positive"
"FT03817","CAR(13:1)","CAR(13:1)_1","Fatty Acyls [FA]","Carnitines [CAR]","Adduct[M+H]+","[M+H]+","C17 Sphinganine",356.27919968113,69.575165018271,1.01186430534361,11.8420086636672,2,0.960586656893783,0,0,1,"positive"
"FT03996","CAR(14:2)","CAR(14:2)_1","Fatty Acyls [FA]","Carnitines [CAR]","Adduct[M+H]+","[M+H]+","C17 Sphinganine",368.279421006624,68.826301274946,0.377922346652796,11.0931449203422,2,0.960364069035175,0,0,1,"positive"
"FT04093","CAR(14:1)","CAR(14:1)_1","Fatty Acyls [FA]","Carnitines [CAR]","Adduct[M+H]+","[M+H]+","C17 Sphinganine",370.294883787371,78.9303026339787,0.88163314137563,16.249856851849,2,0.961359652438476,0,0,1,"positive"
"FT04420","MG(18:1/0:0(d7))","MG(18:1/0:0(d7))_1","Glycerolipids [GL]","Monoacylglycerols [MG]","Adduct[M+Na]+","[M+Na]+","MG(18:1/0:0(d7))",386.325666033595,216.836639997541,0.346770536908094,1.98964842424246,2,0.965105138397143,1,0.333333333333333,1,"positive"
"FT04634","CAR(16:1)","CAR(16:1)_1","Fatty Acyls [FA]","Carnitines [CAR]","Adduct[M+H]+","[M+H]+","C17 Sphinganine",398.326236561691,105.493300441089,0.687422509158933,-0.39116079801218,2,0.95696829383548,0,0,1,"positive"
"FT04671","CAR(16:0)","CAR(16:0)_1","Fatty Acyls [FA]","Carnitines [CAR]","Adduct[M+H]+","[M+H]+","C17 Sphinganine",400.342727298199,139.840094450682,1.41592306636255,-0.435432181270244,5,0.926134745553304,0,0,1,"positive"
"FT04747","Cholesterol","Cholesterol_1","Sterol Lipids [ST]","Free cholesterol [FC]","Adduct[M+NH4]+","[M+NH4]+","Cholesterol(d7)",404.388173263651,423.988410892658,1.30254962240644,-11.6233932669539,2,0.95416135540534,0,0,1,"positive"
"FT05206","CAR(18:1)","CAR(18:1)_1","Fatty Acyls [FA]","Carnitines [CAR]","Adduct[M+H]+","[M+H]+","C17 Sphinganine",426.358449984942,150.91387478448,1.49985816257744,-1.11702046701836,4,0.980170483050654,0,0,1,"positive"
"FT05459","LPE(O-16:1/0:0) // LPE(P-16:0/0:0)","LPE(O-16:1/0:0) // LPE(P-16:0/0:0)_1","Glycerophospholipids [GP]","Monoalkylglycerophosphoethanolamines // 1Z-alkenylglycerophosphoethanolamines [LPE O/P-]","Adduct[M+H]+","[M+H]+","LPE(18:1/0:0(d7))",438.297706552821,181.709871671843,0.503063248783361,-1.55886475195007,2,0.95607224930343,0,0,1,"positive"
"FT05752","LPE(16:0/0:0)","LPE(16:0/0:0)_1","Glycerophospholipids [GP]","Monoacylglycerophosphoethanolamines [LPE]","Adduct[M+H]+","[M+H]+","LPE(18:1/0:0(d7))",454.292796464336,158.955930650758,0.100331900277556,-1.88066660802573,4,0.952568757789066,0,0,1,"positive"
"FT05753","LPE(0:0/16:0)","LPE(0:0/16:0)_1","Glycerophospholipids [GP]","Monoacylglycerophosphoethanolamines [LPE]","Adduct[M+H]+","[M+H]+","LPE(18:1/0:0(d7))",454.292836690986,147.941869158455,0.0117840587531741,-2.09170665476987,2,0.946240758149248,0,0,1,"positive"
"FT05893","LPE(O-18:2/0:0) // LPE(P-18:1/0:0)","LPE(O-18:2/0:0) // LPE(P-18:1/0:0)_1","Glycerophospholipids [GP]","Monoalkylglycerophosphoethanolamines // 1Z-alkenylglycerophosphoethanolamines [LPE O/P-]","Adduct[M+H]+","[M+H]+","LPE(18:1/0:0(d7))",464.313337848494,190.861253990293,0.515298535012683,-0.237997231369519,2,0.95173203436247,0,0,1,"positive"
"FT05922","LPE(O-18:1/0:0) // LPE(P-18:0/0:0)","LPE(O-18:1/0:0) // LPE(P-18:0/0:0)_1","Glycerophospholipids [GP]","Monoalkylglycerophosphoethanolamines // 1Z-alkenylglycerophosphoethanolamines [LPE O/P-]","Adduct[M+H]+","[M+H]+","LPE(18:1/0:0(d7))",466.329165694909,230.599819249683,0.131833665108481,-0.338341528995983,3,0.970131437041525,0,0,1,"positive"
"FT05945","LPC(14:0/0:0)","LPC(14:0/0:0)_1","Glycerophospholipids [GP]","Monoacylglycerophosphocholines [LPC]","Adduct[M+H]+","[M+H]+","LPC(18:1/0:0(d7))",468.30821909243,104.831143132273,0.58298359829659,-1.0533181068276,3,0.971147672993314,0,0,1,"positive"
"FT05946","LPC(0:0/14:0)","LPC(0:0/14:0)_1","Glycerophospholipids [GP]","Monoacylglycerophosphocholines [LPC]","Adduct[M+H]+","[M+H]+","LPC(18:1/0:0(d7))",468.308075244732,95.8317169652349,0.890148000776459,12.525241466632,2,0.95175267624409,0,0,1,"positive"
"FT06274","LPE(16:0/0:0)","LPE(16:0/0:0)_1","Glycerophospholipids [GP]","Monoacylglycerophosphoethanolamines [LPE]","Adduct[M+Na]+","[M+Na]+","LPE(18:1/0:0(d7))",476.274696927208,158.96741282188,0.0947293394053395,-1.869184436903,2,0.951559895156118,0,0,1,"positive"
"FT06297","LPE(18:2/0:0)","LPE(18:2/0:0)_1","Glycerophospholipids [GP]","Monoacylglycerophosphoethanolamines [LPE]","Adduct[M+H]+","[M+H]+","LPE(18:1/0:0(d7))",478.292454464295,135.92790690161,0.810340592444888,-1.40653953378259,3,0.967558593693716,0,0,1,"positive"
"FT06298","LPE(0:0/18:2)","LPE(0:0/18:2)_1","Glycerophospholipids [GP]","Monoacylglycerophosphoethanolamines [LPE]","Adduct[M+H]+","[M+H]+","LPE(18:1/0:0(d7))",478.292446290364,126.207102965633,0.827430396498453,-2.29954568426299,2,0.947357418349366,0,0,1,"positive"
"FT06313","LPE(18:1/0:0)","LPE(18:1/0:0)_1","Glycerophospholipids [GP]","Monoacylglycerophosphoethanolamines [LPE]","Adduct[M+H]+","[M+H]+","LPE(18:1/0:0(d7))",480.308184258907,169.414657959115,0.64094159817024,-1.21284909776199,3,0.969852530257086,0,0,1,"positive"
"FT06314","LPE(0:0/18:1)","LPE(0:0/18:1)_1","Glycerophospholipids [GP]","Monoacylglycerophosphoethanolamines [LPE]","Adduct[M+H]+","[M+H]+","LPE(18:1/0:0(d7))",480.308143032987,158.920199946917,0.726773767805708,-2.85505862923773,2,0.947746193574876,0,0,1,"positive"
"FT06316","LPC(O-16:1/0:0) // LPC(P-16:0/0:0)","LPC(O-16:1/0:0) // LPC(P-16:0/0:0)_1","Glycerophospholipids [GP]","Monoalkylglycerophosphocholines // 1Z-alkenylglycerophosphocholines [LPC O/P-]","Adduct[M+H]+","[M+H]+","LPC(18:1/0:0(d7))",480.344668276012,173.826580944507,0.435022830868265,-1.66149782078571,3,0.921712984401072,0,0,1,"positive"
"FT06332","LPE(0:0/18:0)","LPE(0:0/18:0)_1","Glycerophospholipids [GP]","Monoacylglycerophosphoethanolamines [LPE]","Adduct[M+H]+","[M+H]+","LPE(18:1/0:0(d7))",482.323968285712,209.904401514903,0.360519146135496,5.90515952153464,3,0.970209506976944,0,0,1,"positive"
"FT06333","LPC(15:0/0:0)","LPC(15:0/0:0)_1","Glycerophospholipids [GP]","Monoacylglycerophosphocholines [LPC]","Adduct[M+H]+","[M+H]+","LPC(18:1/0:0(d7))",482.324077032785,127.65001924911,0.135054435570313,-1.79856008876314,3,0.9709023693326,0,0,1,"positive"
"FT06334","LPC(0:0/15:0)","LPC(0:0/15:0)_1","Glycerophospholipids [GP]","Monoacylglycerophosphocholines [LPC]","Adduct[M+H]+","[M+H]+","LPC(18:1/0:0(d7))",482.323918395683,116.458015074045,0.463955869432698,-1.21213373557542,2,0.949401940409215,0,0,1,"positive"
"FT06336","LPC(O-0:0/16:0)","LPC(O-0:0/16:0)_1","Glycerophospholipids [GP]","Monoalkylglycerophosphocholines [LPC O-]","Adduct[M+H]+","[M+H]+","LPC(18:1/0:0(d7))",482.360353157661,177.817501109271,0.361023610053399,7.18999405239384,3,0.973281374043773,0,0,1,"positive"
"FT06401","LPE(18:1/0:0(d7))","LPE(18:1/0:0(d7))_1","Glycerophospholipids [GP]","Monoacylglycerophosphoethanolamines [LPE]","Adduct[M+H]+","[M+H]+","LPE(18:1/0:0(d7))",487.352113516651,167.95954567506,0.587836130927015,0.437767471071936,3,0.969282124563964,1,1,1,"positive"
"FT06479","LPC(16:1/0:0)","LPC(16:1/0:0)_1","Glycerophospholipids [GP]","Monoacylglycerophosphocholines [LPC]","Adduct[M+H]+","[M+H]+","LPC(18:1/0:0(d7))",494.324188270474,114.663607434528,0.0932539406472939,-1.06231573203199,3,0.970904880299759,1,0.5,1,"positive"
"FT06480","LPC(0:0/16:1)","LPC(0:0/16:1)_1","Glycerophospholipids [GP]","Monoacylglycerophosphocholines [LPC]","Adduct[M+H]+","[M+H]+","LPC(18:1/0:0(d7))",494.323895515495,105.183437756761,0.498978876347513,11.0886647136529,2,0.947470650795987,0,0,1,"positive"
"FT06538","LPE(0:0/18:2)","LPE(0:0/18:2)_1; LPE(18:2/0:0)_1","Glycerophospholipids [GP]","Monoacylglycerophosphoethanolamines [LPE]","Adduct[M+Na]+","[M+Na]+","LPE(18:1/0:0(d7))",500.274508136734,135.922051900756,0.467558415239055,7.4154032508593,2,0.94731841474878,0,0,2,"positive"
"FT06564","LPE(20:4/0:0)","LPE(20:4/0:0)_1","Glycerophospholipids [GP]","Monoacylglycerophosphoethanolamines [LPE]","Adduct[M+H]+","[M+H]+","LPE(18:1/0:0(d7))",502.29276243968,132.837671374982,0.158482689107495,-1.55490141020667,3,0.969965871537441,0,0,1,"positive"
"FT06565","LPE(18:1/0:0)","LPE(18:1/0:0)_1","Glycerophospholipids [GP]","Monoacylglycerophosphoethanolamines [LPE]","Adduct[M+Na]+","[M+Na]+","LPE(18:1/0:0(d7))",502.290245279545,169.676783860173,0.292319060339017,-0.950723196703933,2,0.945782760024645,0,0,1,"positive"
"FT06566","LPE(0:0/20:4)","LPE(0:0/20:4)_1","Glycerophospholipids [GP]","Monoacylglycerophosphoethanolamines [LPE]","Adduct[M+H]+","[M+H]+","LPE(18:1/0:0(d7))",502.292621495093,123.878476666728,0.439085109003302,0.318001936649139,2,0.94574252855393,0,0,1,"positive"
"FT06595","LPE(18:0/0:0)","LPE(18:0/0:0)_1","Glycerophospholipids [GP]","Monoacylglycerophosphoethanolamines [LPE]","Adduct[M+Na]+","[M+Na]+","LPE(18:1/0:0(d7))",504.30628395302,209.924907325892,0.479431536071556,-0.60700624007697,2,0.949566686645989,0,0,1,"positive"
"FT06600","LPC(O-16:0/0:0)","LPC(O-16:0/0:0)_1","Glycerophospholipids [GP]","Monoalkylglycerophosphocholines [LPC O-]","Adduct[M+Na]+","[M+Na]+","LPC(18:1/0:0(d7))",504.341897137691,177.968683884335,1.05119752124628,-1.44014522963914,2,0.947850668140171,0,0,1,"positive"
"FT06645","LPC(O-18:1/0:0) // LPC(P-18:0/0:0)","LPC(O-18:1/0:0) // LPC(P-18:0/0:0)_1","Glycerophospholipids [GP]","Monoalkylglycerophosphocholines // 1Z-alkenylglycerophosphocholines [LPC O/P-]","Adduct[M+H]+","[M+H]+","LPC(18:1/0:0(d7))",508.375951797116,186.944987840013,0.443703488755216,-1.23333853877676,3,0.971725169524506,0,0,1,"positive"
"FT06680","LPC(0:0/17:0)","LPC(0:0/17:0)_1","Glycerophospholipids [GP]","Monoacylglycerophosphocholines [LPC]","Adduct[M+H]+","[M+H]+","LPC(18:1/0:0(d7))",510.355271626454,170.883045940463,0.334423290201689,-2.67298348116327,3,0.968771859511741,1,1,1,"positive"
"FT06681","LPC(17:0/0:0)","LPC(17:0/0:0)_1","Glycerophospholipids [GP]","Monoacylglycerophosphocholines [LPC]","Adduct[M+H]+","[M+H]+","LPC(18:1/0:0(d7))",510.355511238516,178.711282801411,0.135077067302202,-0.697546312563077,3,0.97048326827999,1,1,1,"positive"
"FT06684","LPC(O-18:0/0:0)","LPC(O-18:0/0:0)_1","Glycerophospholipids [GP]","Monoalkylglycerophosphocholines [LPC O-]","Adduct[M+H]+","[M+H]+","LPC(18:1/0:0(d7))",510.391623704825,227.974751026628,0.399153677430463,-0.0482896180475052,3,0.924943336490023,0,0,1,"positive"
"FT06788","LPC(18:3/0:0)","LPC(18:3/0:0)_1","Glycerophospholipids [GP]","Monoacylglycerophosphocholines [LPC]","Adduct[M+H]+","[M+H]+","LPC(18:1/0:0(d7))",518.323814012423,105.661362240973,0.633118063789005,-0.223098998128293,2,0.943107618117638,0,0,1,"positive"
"FT06819","LPC(18:2/0:0)","LPC(18:2/0:0)_1","Glycerophospholipids [GP]","Monoacylglycerophosphocholines [LPC]","Adduct[M+H]+","[M+H]+","LPC(18:1/0:0(d7))",520.340430334183,119.820789422685,1.22630864054836,-11.6291671401669,4,0.965269190411689,1,0.333333333333333,1,"positive"
"FT06855","LPC(18:1/0:0)","LPC(18:1/0:0)_1","Glycerophospholipids [GP]","Monoacylglycerophosphocholines [LPC]","Adduct[M+H]+","[M+H]+","LPC(18:1/0:0(d7))",522.356130620056,151.936635394958,1.31772123028994,-12.7711291061406,4,0.965994582695551,3,1,1,"positive"
"FT06884","LPE(20:4/0:0)","LPE(20:4/0:0)_1","Glycerophospholipids [GP]","Monoacylglycerophosphoethanolamines [LPE]","Adduct[M+Na]+","[M+Na]+","LPE(18:1/0:0(d7))",524.27469819989,132.842882592294,0.0836288815217401,-1.54969019289382,2,0.945468073198625,0,0,1,"positive"
"FT06894","LPC(18:0/0:0)","LPC(18:0/0:0)_1","Glycerophospholipids [GP]","Monoacylglycerophosphocholines [LPC]","Adduct[M+H]+","[M+H]+","LPC(18:1/0:0(d7))",524.371676735967,191.963120260215,1.11442178148328,-12.7361754299441,4,0.965655063189106,1,0.333333333333333,1,"positive"
"FT06923","LPE(22:6/0:0)","LPE(22:6/0:0)_1","Glycerophospholipids [GP]","Monoacylglycerophosphoethanolamines [LPE]","Adduct[M+H]+","[M+H]+","LPE(18:1/0:0(d7))",526.292544717626,127.922507702609,0.564945502700302,-1.52607163526358,2,0.941717515601678,0,0,1,"positive"
"FT07006","LPE(22:5/0:0)","LPE(22:5/0:0)_1","Glycerophospholipids [GP]","Monoacylglycerophosphoethanolamines [LPE]","Adduct[M+H]+","[M+H]+","LPE(18:1/0:0(d7))",528.30793708442,143.395533353507,1.0505683492916,-1.76029756760965,2,0.941281213508446,0,0,1,"positive"
"FT07020","LPC(18:1/0:0(d7))","LPC(18:1/0:0(d7))_1","Glycerophospholipids [GP]","Monoacylglycerophosphocholines [LPC]","Adduct[M+H]+","[M+H]+","LPC(18:1/0:0(d7))",529.399466804361,150.935459822995,0.126188962082251,-10.4291496600327,4,0.973505522967534,1,0.333333333333333,1,"positive"
"FT07302","LPC(20:5/0:0)","LPC(20:5/0:0)_1","Glycerophospholipids [GP]","Monoacylglycerophosphocholines [LPC]","Adduct[M+H]+","[M+H]+","LPC(18:1/0:0(d7))",542.323889075936,101.829434939364,0.466689281378719,-1.10785210559608,3,0.966755538342573,0,0,1,"positive"
"FT07331","LPC(20:4/0:0)","LPC(20:4/0:0)_1","Glycerophospholipids [GP]","Monoacylglycerophosphocholines [LPC]","Adduct[M+H]+","[M+H]+","LPC(18:1/0:0(d7))",544.340339007967,126.787983077389,1.00446628162415,-1.71866557250763,4,0.965220012057117,2,1,1,"positive"
"FT07370","LPC(20:3/0:0)","LPC(20:3/0:0)_1","Glycerophospholipids [GP]","Monoacylglycerophosphocholines [LPC]","Adduct[M+H]+","[M+H]+","LPC(18:1/0:0(d7))",546.35542585814,146.964114348954,0.0300959030407068,-1.1304385010024,4,0.960949516741121,0,0,1,"positive"
"FT07371","LPC(0:0/20:3)","LPC(0:0/20:3)_1","Glycerophospholipids [GP]","Monoacylglycerophosphocholines [LPC]","Adduct[M+H]+","[M+H]+","LPC(18:1/0:0(d7))",546.355167200776,136.938442110141,0.503519143069844,-1.33723875170637,3,0.966819872923728,0,0,1,"positive"
"FT07424","LPC(20:2/0:0)","LPC(20:2/0:0)_1","Glycerophospholipids [GP]","Monoacylglycerophosphocholines [LPC]","Adduct[M+H]+","[M+H]+","LPC(18:1/0:0(d7))",548.370900904891,176.785124249185,0.349144058900836,-0.634380471833026,3,0.932118550870145,0,0,1,"positive"
"FT07425","LPC(0:0/20:2)","LPC(0:0/20:2)_1","Glycerophospholipids [GP]","Monoacylglycerophosphocholines [LPC]","Adduct[M+H]+","[M+H]+","LPC(18:1/0:0(d7))",548.370671946974,165.758644446105,0.766667738980205,-4.86886261077183,2,0.936650882250114,0,0,1,"positive"
"FT07476","LPC(20:1/0:0)","LPC(20:1/0:0)_1","Glycerophospholipids [GP]","Monoacylglycerophosphocholines [LPC]","Adduct[M+H]+","[M+H]+","LPC(18:1/0:0(d7))",550.386348021162,209.934387719853,0.716602359148573,-1.58889411596732,3,0.896204739456549,0,0,1,"positive"
"FT07812","LPC(22:6/0:0)","LPC(22:6/0:0)_1","Glycerophospholipids [GP]","Monoacylglycerophosphocholines [LPC]","Adduct[M+H]+","[M+H]+","LPC(18:1/0:0(d7))",568.339664866681,121.894762334638,0.224109451678859,-1.6657123954414,4,0.960465406455926,0,0,1,"positive"
"FT07813","LPC(0:0/22:6)","LPC(0:0/22:6)_1","Glycerophospholipids [GP]","Monoacylglycerophosphocholines [LPC]","Adduct[M+H]+","[M+H]+","LPC(18:1/0:0(d7))",568.339472871598,113.471921894459,0.56192687214104,-1.25235816646331,3,0.967589716242864,0,0,1,"positive"
"FT07814","LPC(20:3/0:0)","LPC(20:3/0:0)_1","Glycerophospholipids [GP]","Monoacylglycerophosphocholines [LPC]","Adduct[M+Na]+","[M+Na]+","LPC(18:1/0:0(d7))",568.338257669083,147.044861363734,1.6106066150093,-1.04969148622197,2,0.93479832367653,0,0,1,"positive"
"FT07825","Cer(d18:0/18:0)","Cer(d18:0/18:0)_1","Sphingolipids [SP]","Ceramides [Cer]","Adduct[M+H]+","[M+H]+","SM(d18:1/18:1(d9))",568.566122764108,692.420506450061,0.393233249292676,-4.67839204096322,2,0.925081652283394,1,1,1,"positive"
"FT07865","LPC(22:5/0:0)","LPC(22:5/0:0)_1","Glycerophospholipids [GP]","Monoacylglycerophosphocholines [LPC]","Adduct[M+H]+","[M+H]+","LPC(18:1/0:0(d7))",570.355019816424,136.949996903728,0.740739449054083,-2.32565464582089,3,0.965795635589048,0,0,1,"positive"
"FT07867","LPC(0:0/22:5)","LPC(0:0/22:5)_1","Glycerophospholipids [GP]","Monoacylglycerophosphocholines [LPC]","Adduct[M+H]+","[M+H]+","LPC(18:1/0:0(d7))",570.354583209959,127.870616860575,1.50623835050525,0.364841427375808,2,0.931601997219009,0,0,1,"positive"
"FT07924","LPC(22:4/0:0)","LPC(22:4/0:0)_1","Glycerophospholipids [GP]","Monoacylglycerophosphocholines [LPC]","Adduct[M+H]+","[M+H]+","LPC(18:1/0:0(d7))",572.370804870978,165.417256998344,0.502286761609574,-1.28389053909888,2,0.932803011947739,0,0,1,"positive"
"FT08279","LPC(22:6/0:0)","LPC(22:6/0:0)_1","Glycerophospholipids [GP]","Monoacylglycerophosphocholines [LPC]","Adduct[M+Na]+","[M+Na]+","LPC(18:1/0:0(d7))",590.321268353315,121.894762334638,0.718055410064081,-1.6657123954414,2,0.93203870185476,0,0,1,"positive"
"FT08635","DG(15:0/18:1(d7))","DG(15:0/18:1(d7))_1","Glycerolipids [GL]","Diacylglycerols [DG]","Adduct[M+NH4]+","[M+NH4]+","DG(15:0/18:1(d7))",605.584132288068,695.250746023833,0.442072041293073,2.40570518126776,4,0.959638530482895,4,1,1,"positive"
"FT08691","LPC(24:0_0:0)","LPC(24:0_0:0)_1","Glycerophospholipids [GP]","Monoacylglycerophosphocholines [LPC]","Adduct[M+H]+","[M+H]+","LPC(18:1/0:0(d7))",608.46486059002,344.837373785429,0.21596966455055,-3.74737560458277,2,0.927090719682345,0,0,1,"positive"
"FT08732","DG(34:2)","DG(34:2)_1; DG(34:2)_2","Glycerolipids [GL]","Dilglycerides [DG]","Adduct[M+NH4]+","[M+NH4]+","DG(15:0/18:1(d7))",610.540303720103,685.084435484687,0.284113345238189,-1.71790975686338,5,0.928925583218176,4,1,2,"positive"
"FT08769","DG(34:1)","DG(34:1)_1","Glycerolipids [GL]","Dilglycerides [DG]","Adduct[M+NH4]+","[M+NH4]+","DG(15:0/18:1(d7))",612.556051529857,710.477038364785,0.12360849694103,0.0723865178105143,4,0.939356306077979,2,1,1,"positive"
"FT09030","Cer(d18:0/22:0)","Cer(d18:0/22:0)_1","Sphingolipids [SP]","Ceramides [Cer]","Adduct[M+H]+","[M+H]+","SM(d18:1/18:1(d9))",624.628546527587,735.980308511722,0.640496272296417,-1.042675656283,4,0.966862443651696,2,1,1,"positive"
"FT09327","DG(36:3)","DG(36:3)_1","Glycerolipids [GL]","Dilglycerides [DG]","Adduct[M+NH4]+","[M+NH4]+","DG(15:0/18:1(d7))",636.556684918519,691.973411120028,0.876075959616574,-4.07752021787849,4,0.958787264295792,3,1,1,"positive"
"FT09373","DG(0:0_18:1_18:1)","DG(0:0_18:1_18:1)_1","Glycerolipids [GL]","Dilglycerides [DG]","Adduct[M+NH4]+","[M+NH4]+","DG(15:0/18:1(d7))",638.571895514108,713.952403380053,0.185105124808662,1.45570278495529,4,0.85211742224149,2,1,1,"positive"
"FT09432","CE(16:1)","CE(16:1)_1","Sterol Lipids [ST]","Cholesteryl esters [CE]","Adduct[M+NH4]+","[M+NH4]+","CE(18:1(d7))",640.600131511245,868.536406614631,3.98197545154032,-13.574732676709,2,0.906232062208306,0,0,1,"positive"
"FT09447","DG(36:3)","DG(36:3)_1","Glycerolipids [GL]","Dilglycerides [DG]","Adduct[M+Na]+","[M+Na]+","DG(15:0/18:1(d7))",641.511850087551,691.938352600356,0.503249806618135,-4.11257873755073,4,0.964172811472834,3,1,1,"positive"
"FT09597","SM(d18:1/12:0)","SM(d18:1/12:0)_1","Sphingolipids [SP]","Sphingomyelins [SM]","Adduct[M+H]+","[M+H]+","SM(d18:1/18:1(d9))",647.511887667982,294.542589401067,0.60113627419555,-0.736032723448716,2,0.917838886637684,1,0.5,1,"positive"
"FT09672","PC(26:0)","PC(26:0)_1","Glycerophospholipids [GP]","Diacylglycerophosphocholines [PC]","Adduct[M+H]+","[M+H]+","PC(15:0/18:1(d7))",650.475427721604,305.327482368781,0.264849897358109,7.10684578418079,2,0.915939399119499,0,0,1,"positive"
"FT09683","Cer(d18:0/24:1)","Cer(d18:0/24:1)_1","Sphingolipids [SP]","Ceramides [Cer]","Adduct[M+H]+","[M+H]+","SM(d18:1/18:1(d9))",650.644196506648,735.897727549072,0.615017250009978,-1.12525661893369,4,0.964064418694329,0,0,1,"positive"
"FT09741","Cer(d18:1/20:0)","Cer(d18:1/20:0)_1","Sphingolipids [SP]","Ceramides [Cer]","Adduct[M+C2H7N2]+","[M+C2H7N2]+","SM(d18:1/18:1(d9))",652.634370628377,712.970660278876,1.11207491961681,0.473959683777821,3,0.869600421561501,2,1,1,"positive"
"FT09746","Cer(d18:0/24:0)","Cer(d18:0/24:0)_1","Sphingolipids [SP]","Ceramides [Cer]","Adduct[M+H]+","[M+H]+","SM(d18:1/18:1(d9))",652.660167783716,753.936917743838,0.120958468716081,-3.32091598131228,4,0.977928813141903,1,1,1,"positive"
"FT09810","TG(36:0)","TG(36:0)_1; TG(36:0)_2","Glycerolipids [GL]","Triglycerides [TG]","Adduct[M+NH4]+","[M+NH4]+","TG(15:0/18:1(d7)/15:0)",656.581980232861,730.968999603874,0.551556927506809,-0.919713871391878,3,0.963927173055857,2,2,2,"positive"
"FT09950","DG(38:5)","DG(38:5)_1","Glycerolipids [GL]","Dilglycerides [DG]","Adduct[M+NH4]+","[M+NH4]+","DG(15:0/18:1(d7))",660.555792142742,682.105486681545,0.50730625753518,-7.77996261398732,3,0.869142215527015,4,1,1,"positive"
"FT10027","DG(38:4)","DG(38:4)_1","Glycerolipids [GL]","Dilglycerides [DG]","Adduct[M+NH4]+","[M+NH4]+","DG(15:0/18:1(d7))",662.569012106963,712.525229499073,4.1734410233003,9.26359718055755,3,0.874232073675769,3,1.5,1,"positive"
"FT10209","Cer(d18:0/25:0)","Cer(d18:0/25:0)_1","Sphingolipids [SP]","Ceramides [Cer]","Adduct[M+H]+","[M+H]+","SM(d18:1/18:1(d9))",666.674583094289,763.34390365375,1.97052033371363,-3.97403736550882,2,0.903178425561403,0,0,1,"positive"
"FT10263","CE(18:1)","CE(18:1)_1","Sterol Lipids [ST]","Cholesteryl esters [CE]","Adduct[M+NH4]+","[M+NH4]+","CE(18:1(d7))",668.634446473488,911.360327227338,0.693906833170128,-13.9769544281834,4,0.980400458854045,3,1,1,"positive"
"FT10274","CE(18:3)","CE(18:3)_1","Sterol Lipids [ST]","Cholesteryl esters [CE]","Adduct[M+Na]+","[M+Na]+","CE(18:1(d7))",669.557820145311,842.310131684021,0.391646514673161,-12.0958469429424,3,0.974212965687184,3,1,1,"positive"
"FT10318","CE(20:5)","CE(20:5)_1","Sterol Lipids [ST]","Cholesteryl esters [CE]","Adduct[M+H]+","[M+H]+","CE(18:1(d7))",671.574241943954,824.976650272677,2.88936906440408,-11.0955662047442,2,0.897434689299219,1,1,1,"positive"
"FT10362","SM(d18:2/14:0)","SM(d18:2/14:0)_1","Sphingolipids [SP]","Sphingomyelins [SM]","Adduct[M+H]+","[M+H]+","SM(d18:1/18:1(d9))",673.527673647063,303.242855387671,0.376121355233006,-1.87087347424307,3,0.898201432869872,1,1,1,"positive"
"FT10508","SM(d18:0/14:0)","SM(d18:0/14:0)_1","Sphingolipids [SP]","Sphingomyelins [SM]","Adduct[M+H]+","[M+H]+","SM(d18:1/18:1(d9))",677.558853977347,371.072346877075,0.55069186272972,-18.1109260043194,3,0.961744266285119,0,0,1,"positive"
"FT10533","PC(28:0)","PC(28:0)_1","Glycerophospholipids [GP]","Diacylglycerophosphocholines [PC]","Adduct[M+H]+","[M+H]+","PC(15:0/18:1(d7))",678.506496474802,348.690929369762,0.532740964383142,-4.82546574074956,3,0.895272065760494,0,0,1,"positive"
"FT10558","Cer(d40:2)","Cer(d40:2)_1; Cer(d18:2/22:0)_1","Sphingolipids [SP]","Ceramides [Cer]","Adduct[M+C2H7N2]+","[M+C2H7N2]+","SM(d18:1/18:1(d9))",678.650378250082,715.294280187962,0.542578961827186,2.7975795928636,3,0.96154633180273,2,1,2,"positive"
"FT10633","Cer(d18:1/22:0)","Cer(d18:1/22:0)_1","Sphingolipids [SP]","Ceramides [Cer]","Adduct[M+C2H7N2]+","[M+C2H7N2]+","SM(d18:1/18:1(d9))",680.66672725938,729.932008790787,0.4858818974224,1.83918215305937,5,0.954506960966852,3,1,1,"positive"
"FT10635","Cer(d20:0/24:0)","Cer(d20:0/24:0)_1","Sphingolipids [SP]","Ceramides [Cer]","Adduct[M+H]+","[M+H]+","SM(d18:1/18:1(d9))",680.691024413218,773.036301184646,0.767518979593432,-5.22376404112015,3,0.964960589143347,2,1,1,"positive"
"FT10739","TG(38:0)","TG(38:0)_1","Glycerolipids [GL]","Triglycerides [TG]","Adduct[M+NH4]+","[M+NH4]+","TG(15:0/18:1(d7)/15:0)",684.6135498741,747.862383653803,0.135302151987927,-2.37074185068093,3,0.962175401336633,2,2,1,"positive"
"FT10896","CE(20:5)","CE(20:5)_1","Sterol Lipids [ST]","Cholesteryl esters [CE]","Adduct[M+NH4]+","[M+NH4]+","CE(18:1(d7))",688.602554672068,824.997430268882,0.185452853036068,-11.0747862085396,3,0.967742364728946,1,1,1,"positive"
"FT10921","SM(d18:1/15:0)","SM(d18:1/15:0)_1","Sphingolipids [SP]","Sphingomyelins [SM]","Adduct[M+H]+","[M+H]+","SM(d18:1/18:1(d9))",689.558571706154,368.005628353241,0.950458669492143,-18.2067058824589,3,0.875968601931403,0,0,1,"positive"
"FT10958","PC(O-30:1) // PC(P-30:0)","PC(O-30:1) // PC(P-30:0)_1","Glycerophospholipids [GP]","1-Alkyl-2-acyl-glycerophosphocholines // 1-Acyl-2-alkylglycerophosphocholines // 1-(1Z-alkenyl)-2-acylglycerophosphocholines [PC O/P-]","Adduct[M+H]+","[M+H]+","PC(15:0/18:1(d7))",690.542403143242,467.296975315523,1.21632984784743,-15.3210005888262,2,0.910052270096581,0,0,1,"positive"
"FT11058","Cer(d18:1/23:1)","Cer(d18:1/23:1)_1; Cer(d18:2/23:0)_1","Sphingolipids [SP]","Ceramides [Cer]","Adduct[M+C2H7N2]+","[M+C2H7N2]+","SM(d18:1/18:1(d9))",692.665887360793,721.893825622953,0.735094281914425,1.22255974271445,3,0.959628566008773,1,1,2,"positive"
"FT11081","CE(20:5)","CE(20:5)_1","Sterol Lipids [ST]","Cholesteryl esters [CE]","Adduct[M+Na]+","[M+Na]+","CE(18:1(d7))",693.557866029337,825.079459634627,0.311936475022046,-10.9927568427947,3,0.972154718123157,1,1,1,"positive"
"FT11137","Cer(d18:1/23:0)","Cer(d18:1/23:0)_1","Sphingolipids [SP]","Ceramides [Cer]","Adduct[M+C2H7N2]+","[M+C2H7N2]+","SM(d18:1/18:1(d9))",694.681716811495,737.945252058982,0.474733161110325,-1.09184732456652,4,0.854103599103949,3,1,1,"positive"
"FT11160","CE(20:4)","CE(20:4)_1","Sterol Lipids [ST]","Cholesteryl esters [CE]","Adduct[M+Na]+","[M+Na]+","CE(18:1(d7))",695.574495293194,850.906091223715,1.09672570772247,-12.5419121007038,4,0.983392405103022,2,0.666666666666667,1,"positive"
"FT11219","CE(20:3)","CE(20:3)_1","Sterol Lipids [ST]","Cholesteryl esters [CE]","Adduct[M+Na]+","[M+Na]+","CE(18:1(d7))",697.589272416567,876.114780902423,0.157810934123568,-12.9980627384637,2,0.897238460539099,2,0.666666666666667,1,"positive"
"FT11324","PE(O-16:1_18:2) // PE(P-16:0_18:2)","PE(O-16:1_18:2) // PE(P-16:0_18:2)_1","Glycerophospholipids [GP]","1-Alkyl-2-acyl-glycerophosphoethanolamines // 1-Acyl-2-alkylglycerophosphoethanolamines // 1-(1Z-alkenyl)-2-acylglycerophosphoethanolamines [PE O/P-]","Adduct[M+H]+","[M+H]+","PE(15:0/18:1(d7))",700.527246872337,538.893093955997,0.494106252008964,-19.5789632772291,3,0.957279129934895,0,0,1,"positive"
"FT11330","HexCer(d18:1/16:0)","HexCer(d18:1/16:0)_1","Sphingolipids [SP]","Hexosylceramides [HexCer]","Adduct[M+H]+","[M+H]+","SM(d18:1/18:1(d9))",700.571647318211,433.179946843527,0.819549322435313,-13.2071732854436,3,0.876890404904885,2,1,1,"positive"
"FT11446","SM(d34:1)","SM(d34:1)_1","Sphingolipids [SP]","Sphingomyelins [SM]","Adduct[M+H]+","[M+H]+","SM(d18:1/18:1(d9))",703.574925303986,405.801979374238,0.0684164367648703,-9.12911298101255,4,0.95062958900077,2,0.666666666666667,1,"positive"
"FT11468","PC(30:1)","PC(30:1)_1","Glycerophospholipids [GP]","Diacylglycerophosphocholines [PC]","Adduct[M+H]+","[M+H]+","PC(15:0/18:1(d7))",704.522167992881,358.86397327076,0.482616971741394,-5.530563345573,2,0.908203469236942,0,0,1,"positive"
"FT11646","Cer(d18:1/24:0)","Cer(d18:1/24:0)_1","Sphingolipids [SP]","Ceramides [Cer]","Adduct[M+C2H7N2]+","[M+C2H7N2]+","SM(d18:1/18:1(d9))",708.698346360669,746.800834592859,0.916746833856123,-2.40049551319282,5,0.955440532730064,3,1,1,"positive"
"FT11647","Cer(d18:0/24:1)","Cer(d18:0/24:1)_1","Sphingolipids [SP]","Ceramides [Cer]","Adduct[M+C2H7N2]+","[M+C2H7N2]+","SM(d18:1/18:1(d9))",708.6971719654,735.945830135632,0.740370543982488,-1.07715403237341,3,0.958149932719655,0,0,1,"positive"
"FT11704","Cer(d18:0/24:0)","Cer(d18:0/24:0)_1","Sphingolipids [SP]","Ceramides [Cer]","Adduct[M+C2H7N2]+","[M+C2H7N2]+","SM(d18:1/18:1(d9))",710.712777309512,753.967368614374,0.801193604925806,-3.29046511077684,3,0.839450497546327,1,1,1,"positive"
"FT11712","PE(15:0/18:1(d7))","PE(15:0/18:1(d7))_1","Glycerophospholipids [GP]","Diacylglycerophosphoethanolamines [PE]","Adduct[M+H]+","[M+H]+","PE(15:0/18:1(d7))",711.565910697168,500.049087301929,0.68764184523995,-0.248630802384014,3,0.960367454391981,2,1,1,"positive"
"FT11749","TG(40:0)","TG(40:0)_1","Glycerolipids [GL]","Triglycerides [TG]","Adduct[M+NH4]+","[M+NH4]+","TG(15:0/18:1(d7)/15:0)",712.644706205219,775.724225621364,0.331759851814371,6.4264615336383,2,0.896853165945892,1,0.5,1,"positive"
"FT11798","CE(22:6)","CE(22:6)_1","Sterol Lipids [ST]","Cholesteryl esters [CE]","Adduct[M+NH4]+","[M+NH4]+","CE(18:1(d7))",714.617863410308,832.898278635123,0.656335376341534,-11.4851712714009,3,0.966771829028462,0,0,1,"positive"
"FT11922","SM(d19:1/16:0)","SM(d19:1/16:0)_1; SM(d18:1/17:0)_1","Sphingolipids [SP]","Sphingomyelins [SM]","Adduct[M+H]+","[M+H]+","SM(d18:1/18:1(d9))",717.591081304299,465.406658060182,0.772128642143304,6.26653200126634,3,0.959510405152895,1,1,2,"positive"
"FT11965","PC(O-32:1) // PC(P-32:0)","PC(O-32:1) // PC(P-32:0)_2","Glycerophospholipids [GP]","1-Alkyl-2-acyl-glycerophosphocholines // 1-Acyl-2-alkylglycerophosphocholines // 1-(1Z-alkenyl)-2-acylglycerophosphocholines [PC O/P-]","Adduct[M+H]+","[M+H]+","PC(15:0/18:1(d7))",718.573510487759,498.628074937014,1.43716786331779,-18.2752118545323,3,0.83365699016516,0,0,1,"positive"
"FT12047","PC(31:0)","PC(31:0)_1","Glycerophospholipids [GP]","Diacylglycerophosphocholines [PC]","Adduct[M+H]+","[M+H]+","PC(15:0/18:1(d7))",720.554229550997,467.389230645732,0.586425320647733,-15.228745258618,4,0.944114538721228,1,1,1,"positive"
"FT12150","PE(O-16:1_18:2) // PE(P-16:0_18:2)","PE(O-16:1_18:2) // PE(P-16:0_18:2)_1","Glycerophospholipids [GP]","1-Alkyl-2-acyl-glycerophosphoethanolamines // 1-Acyl-2-alkylglycerophosphoethanolamines // 1-(1Z-alkenyl)-2-acylglycerophosphoethanolamines [PE O/P-]","Adduct[M+Na]+","[M+Na]+","PE(15:0/18:1(d7))",722.510545312577,554.946853585306,1.45645861711855,-3.52520364791997,4,0.936790148851125,0,0,1,"positive"
"FT12154","PE(O-16:1/20:5) // PE(P-16:0/20:5)","PE(O-16:1/20:5) // PE(P-16:0/20:5)_1","Glycerophospholipids [GP]","1-Alkyl-2-acyl-glycerophosphoethanolamines // 1-Acyl-2-alkylglycerophosphoethanolamines // 1-(1Z-alkenyl)-2-acylglycerophosphoethanolamines [PE O/P-]","Adduct[M+H]+","[M+H]+","PE(15:0/18:1(d7))",722.511051703778,453.233881539101,1.23352898180571,-12.7166554531759,3,0.955569422908565,1,1,1,"positive"
"FT12228","PE(O-16:1/20:4) // PE(P-16:0/20:4)","PE(O-16:1/20:4) // PE(P-16:0/20:4)_1","Glycerophospholipids [GP]","1-Alkyl-2-acyl-glycerophosphoethanolamines // 1-Acyl-2-alkylglycerophosphoethanolamines // 1-(1Z-alkenyl)-2-acylglycerophosphoethanolamines [PE O/P-]","Adduct[M+H]+","[M+H]+","PE(15:0/18:1(d7))",724.527931541359,520.857443393517,0.46724784886995,-18.7716458699398,4,0.951142279973253,1,0.5,1,"positive"
"FT12298","PE(O-36:4) // PE(P-36:3)","PE(O-36:4) // PE(P-36:3)_2","Glycerophospholipids [GP]","1-Alkyl-2-acyl-glycerophosphoethanolamines // 1-Acyl-2-alkylglycerophosphoethanolamines // 1-(1Z-alkenyl)-2-acylglycerophosphoethanolamines [PE O/P-]","Adduct[M+H]+","[M+H]+","PE(15:0/18:1(d7))",726.542719317818,555.715568605719,0.720884526793473,-7.7920302930554,3,0.958760424646372,0,0,1,"positive"
"FT12299","PE(O-18:2/18:2) // PE(P-18:1/18:2)","PE(O-18:2/18:2) // PE(P-18:1/18:2)_1","Glycerophospholipids [GP]","1-Alkyl-2-acyl-glycerophosphoethanolamines // 1-Acyl-2-alkylglycerophosphoethanolamines // 1-(1Z-alkenyl)-2-acylglycerophosphoethanolamines [PE O/P-]","Adduct[M+H]+","[M+H]+","PE(15:0/18:1(d7))",726.542844996251,576.272323488942,0.547903173685262,-1.26300093106204,2,0.900746217124083,0,0,1,"positive"
"FT12338","SM(d36:3)","SM(d36:3)_1; SM(d18:2/18:1)_1","Sphingolipids [SP]","Sphingomyelins [SM]","Adduct[M+H]+","[M+H]+","SM(d18:1/18:1(d9))",727.574332238911,377.079349715234,0.7489661973356,0.793581599085257,3,0.837386686240574,1,1,2,"positive"
"FT12369","PE(O-18:1/18:2) // PE(P-18:0/18:2)","PE(O-18:1/18:2) // PE(P-18:0/18:2)_1","Glycerophospholipids [GP]","1-Alkyl-2-acyl-glycerophosphoethanolamines // 1-Acyl-2-alkylglycerophosphoethanolamines // 1-(1Z-alkenyl)-2-acylglycerophosphoethanolamines [PE O/P-]","Adduct[M+H]+","[M+H]+","PE(15:0/18:1(d7))",728.558662333179,679.046766786965,0.316793359722726,-6.70729595969567,6,0.796440758114591,1,1,1,"positive"
"FT12427","PC(14:0_18:2)","PC(14:0_18:2)_1","Glycerophospholipids [GP]","Diacylglycerophosphocholines [PC]","Adduct[M+H]+","[M+H]+","PC(15:0/18:1(d7))",730.53851391438,376.28478430587,0.487096773242147,-6.95602952600984,4,0.948422325190698,2,1,1,"positive"
"FT12434","PE(O-18:1/18:1) // PE(P-18:0/18:1)","PE(O-18:1/18:1) // PE(P-18:0/18:1)_1","Glycerophospholipids [GP]","1-Alkyl-2-acyl-glycerophosphoethanolamines // 1-Acyl-2-alkylglycerophosphoethanolamines // 1-(1Z-alkenyl)-2-acylglycerophosphoethanolamines [PE O/P-]","Adduct[M+H]+","[M+H]+","PE(15:0/18:1(d7))",730.574961025137,707.641616229839,0.571913079599475,1.30017397282256,4,0.943907900449662,1,1,1,"positive"
"FT12597","Cer(d18:1/26:1)","Cer(d18:1/26:1)_1","Sphingolipids [SP]","Ceramides [Cer]","Adduct[M+C2H7N2]+","[M+C2H7N2]+","SM(d18:1/18:1(d9))",734.712847741701,745.903551700581,0.679158478623886,4.00091245282556,3,0.955761120011016,2,1,1,"positive"
"FT12657","TG(42:2)","TG(42:2)_1","Glycerolipids [GL]","Triglycerides [TG]","Adduct[M+NH4]+","[M+NH4]+","TG(15:0/18:1(d7)/15:0)",736.644690236154,771.433283642983,0.342629170970821,17.1998753986436,2,0.890770322527579,1,0.5,1,"positive"
"FT12660","Cer(d44:1)","Cer(d44:1)_1; Cer(d20:1/24:0)_1","Sphingolipids [SP]","Ceramides [Cer]","Adduct[M+C2H7N2]+","[M+C2H7N2]+","SM(d18:1/18:1(d9))",736.728367887143,765.001409669776,0.853645722594134,-0.333937417458856,3,0.82291002075198,3,1,2,"positive"
"FT12719","PE(36:5)","PE(36:5)_1","Glycerophospholipids [GP]","Diacylglycerophosphoethanolamines [PE]","Adduct[M+H]+","[M+H]+","PE(15:0/18:1(d7))",738.506385613562,409.976576938746,0.639573800423199,-9.86712155793595,2,0.899628481114816,0,0,1,"positive"
"FT12759","SM(d18:1/18:1(d9))","SM(d18:1/18:1(d9))_1","Sphingolipids [SP]","Sphingomyelins [SM]","Adduct[M+H]+","[M+H]+","SM(d18:1/18:1(d9))",738.646641374995,446.169368945432,0.485516092095922,18.2867774371481,2,0.90088778662873,0,0,1,"positive"
"FT12760","TG(42:1)","TG(42:1)_1","Glycerolipids [GL]","Triglycerides [TG]","Adduct[M+NH4]+","[M+NH4]+","TG(15:0/18:1(d7)/15:0)",738.660878853672,766.048801625527,0.387400216352769,-4.26776646968756,3,0.837488844986235,4,1.33333333333333,1,"positive"
"FT12833","PE(16:0/20:4)","PE(16:0/20:4)_1","Glycerophospholipids [GP]","Diacylglycerophosphoethanolamines [PE]","Adduct[M+H]+","[M+H]+","PE(15:0/18:1(d7))",740.522905304172,465.969680081252,0.536508705287623,-13.7137292778683,4,0.948162267031714,1,1,1,"positive"
"FT12866","TG(42:0)","TG(42:0)_1","Glycerolipids [GL]","Triglycerides [TG]","Adduct[M+NH4]+","[M+NH4]+","TG(15:0/18:1(d7)/15:0)",740.675772676524,784.898537819642,0.634668765303675,-6.20935155308234,3,0.859120999947087,3,1,1,"positive"
"FT12921","PE(18:1/18:2)","PE(18:1/18:2)_1","Glycerophospholipids [GP]","Diacylglycerophosphoethanolamines [PE]","Adduct[M+H]+","[M+H]+","PE(15:0/18:1(d7))",742.538370140065,492.859107081371,0.285599417058623,-16.205670561328,4,0.966355322167263,1,1,1,"positive"
"FT13007","PE(36:2)","PE(36:2)_1","Glycerophospholipids [GP]","Diacylglycerophosphoethanolamines [PE]","Adduct[M+H]+","[M+H]+","PE(15:0/18:1(d7))",744.553890193929,606.979898517635,0.110211146442253,-5.00415364553146,3,0.837773818492992,1,1,1,"positive"
"FT13062","SM(d37:1)","SM(d37:1)_1","Sphingolipids [SP]","Sphingomyelins [SM]","Adduct[M+H]+","[M+H]+","SM(d18:1/18:1(d9))",745.621303446874,590.209171894552,0.702653283919368,2.56983550650716,3,0.958477515546328,1,1,1,"positive"
"FT13086","PE(18:0/18:1)","PE(18:0/18:1)_1","Glycerophospholipids [GP]","Diacylglycerophosphoethanolamines [PE]","Adduct[M+H]+","[M+H]+","PE(15:0/18:1(d7))",746.569841825365,691.039965907941,0.513850869604486,-2.97650772946292,4,0.966044686672178,1,1,1,"positive"
"FT13158","PE(O-16:1/22:6) // PE(P-16:0/22:6)","PE(O-16:1/22:6) // PE(P-16:0/22:6)_1","Glycerophospholipids [GP]","1-Alkyl-2-acyl-glycerophosphoethanolamines // 1-Acyl-2-alkylglycerophosphoethanolamines // 1-(1Z-alkenyl)-2-acylglycerophosphoethanolamines [PE O/P-]","Adduct[M+H]+","[M+H]+","PE(15:0/18:1(d7))",748.527313203682,496.053852857965,0.373805482637923,-16.9579401269013,4,0.967842776303543,1,1,1,"positive"
"FT13186","PC(O-34:0)","PC(O-34:0)_1","Glycerophospholipids [GP]","1-Alkyl-2-acyl-glycerophosphocholines // 1-Acyl-2-alkylglycerophosphocholines [PC O-]","Adduct[M+H]+","[M+H]+","PC(15:0/18:1(d7))",748.62219013726,703.01811806725,0.930703521258307,-0.243514251265765,6,0.903477531501332,1,1,1,"positive"
"FT13233","PE(O-38:6) // PE(P-38:5)","PE(O-38:6) // PE(P-38:5)_1; PE(O-18:2/20:4) // PE(P-18:1/20:4)_1","Glycerophospholipids [GP]","1-Alkyl-2-acyl-glycerophosphoethanolamines // 1-Acyl-2-alkylglycerophosphoethanolamines // 1-(1Z-alkenyl)-2-acylglycerophosphoethanolamines [PE O/P-]","Adduct[M+H]+","[M+H]+","PE(15:0/18:1(d7))",750.5434519387,535.914938547554,0.278287895904972,2.21986133375174,5,0.931623463540771,0,0,2,"positive"
"FT13235","PE(O-18:2/20:4) // PE(P-18:1/20:4)","PE(O-18:2/20:4) // PE(P-18:1/20:4)_1; PE(O-38:6) // PE(P-38:5)_2","Glycerophospholipids [GP]","1-Alkyl-2-acyl-glycerophosphoethanolamines // 1-Acyl-2-alkylglycerophosphoethanolamines // 1-(1Z-alkenyl)-2-acylglycerophosphoethanolamines [PE O/P-]","Adduct[M+H]+","[M+H]+","PE(15:0/18:1(d7))",750.542470239538,571.539476415478,1.02969691445648,16.0591205244368,2,0.895654408717262,1,1,2,"positive"
"FT13305","PE(O-18:1/20:4) // PE(P-18:0/20:4)","PE(O-18:1/20:4) // PE(P-18:0/20:4)_1","Glycerophospholipids [GP]","1-Alkyl-2-acyl-glycerophosphoethanolamines // 1-Acyl-2-alkylglycerophosphoethanolamines // 1-(1Z-alkenyl)-2-acylglycerophosphoethanolamines [PE O/P-]","Adduct[M+H]+","[M+H]+","PE(15:0/18:1(d7))",752.559673841493,665.582574451892,1.03740145961174,-13.0185330648917,4,0.968883457985264,2,1,1,"positive"
"FT13356","PC(15:0/18:1(d7))","PC(15:0/18:1(d7))_1","Glycerophospholipids [GP]","Diacylglycerophosphocholines [PC]","Adduct[M+H]+","[M+H]+","PC(15:0/18:1(d7))",753.613064694033,496.971792259814,0.44493100371257,16.173285050447,4,0.940907502755735,1,0.333333333333333,1,"positive"
"FT13381","PC(14:0_20:4)","PC(14:0_20:4)_1","Glycerophospholipids [GP]","Diacylglycerophosphocholines [PC]","Adduct[M+H]+","[M+H]+","PC(15:0/18:1(d7))",754.537998267572,368.068044977568,0.211790519524325,-6.25575264018164,3,0.958220222996486,1,0.5,1,"positive"
"FT13393","PE(O-18:0_20:4)","PE(O-18:0_20:4)_1; PE(O-18:1_20:3) // PE(P-18:0_20:3)_1","Glycerophospholipids [GP]","1-Alkyl-2-acyl-glycerophosphoethanolamines // 1-Acyl-2-alkylglycerophosphoethanolamines [PC O-]","Adduct[M+H]+","[M+H]+","PC(15:0/18:1(d7))",754.574690294277,693.985176976325,0.194936708003826,7.18283173477425,4,0.78992366926377,1,1,2,"positive"
"FT13397","PE(O-18:0_20:4)","PE(O-18:0_20:4)_1","Glycerophospholipids [GP]","1-Alkyl-2-acyl-glycerophosphoethanolamines // 1-Acyl-2-alkylglycerophosphoethanolamines [PC O-]","Adduct[M+H]+","[M+H]+","PC(15:0/18:1(d7))",754.574495696973,680.58934368391,0.0629533913328966,-6.21300155764027,4,0.80215460594599,1,1,1,"positive"
"FT13479","PC(16:1_18:2)","PC(16:1_18:2)_1; PC(16:0/18:3)_1; PC(18:0/16:3)_1","Glycerophospholipids [GP]","Diacylglycerophosphocholines [PC]","Adduct[M+H]+","[M+H]+","PC(15:0/18:1(d7))",756.553982983821,414.030178218517,0.231111150262119,18.9071875385354,4,0.945204014323018,2,1,3,"positive"
"FT13481","PC(34:3)","PC(34:3)_1","Glycerophospholipids [GP]","Diacylglycerophosphocholines [PC]","Adduct[M+H]+","[M+H]+","PC(15:0/18:1(d7))",756.553755792278,423.425273606711,0.0691867802132312,-13.129585046794,4,0.811071485647748,0,0,1,"positive"
"FT13542","SM(d18:2/20:0)","SM(d18:2/20:0)_1","Sphingolipids [SP]","Sphingomyelins [SM]","Adduct[M+H]+","[M+H]+","SM(d18:1/18:1(d9))",757.621077439141,563.213494890689,0.98983599939262,-5.28126531707971,3,0.847740131191856,0,0,1,"positive"
"FT13704","SM(d18:0/20:0)","SM(d18:0/20:0)_1","Sphingolipids [SP]","Sphingomyelins [SM]","Adduct[M+H]+","[M+H]+","SM(d18:1/18:1(d9))",761.652529756653,694.211552642129,0.784782764228847,-2.88734584889562,4,0.846595705472855,2,2,1,"positive"
"FT13789","PE(16:0/22:6)","PE(16:0/22:6)_1","Glycerophospholipids [GP]","Diacylglycerophosphoethanolamines [PE]","Adduct[M+H]+","[M+H]+","PE(15:0/18:1(d7))",764.522577887118,446.788201981284,0.0914030874684886,-12.3519240776315,4,0.817612058210368,1,1,1,"positive"
"FT13800","PC(O-36:6) // PC(P-36:5)","PC(O-36:6) // PC(P-36:5)_1","Glycerophospholipids [GP]","1-Alkyl-2-acyl-glycerophosphocholines // 1-Acyl-2-alkylglycerophosphocholines // 1-(1Z-alkenyl)-2-acylglycerophosphocholines [PC O/P-]","Adduct[M+H]+","[M+H]+","PC(15:0/18:1(d7))",764.558624107003,432.470505119325,0.351874523780374,-9.03226407815572,3,0.784258616545451,1,0.5,1,"positive"
"FT13885","PE(18:1/20:4)","PE(18:1/20:4)_1","Glycerophospholipids [GP]","Diacylglycerophosphoethanolamines [PE]","Adduct[M+H]+","[M+H]+","PE(15:0/18:1(d7))",766.538525056663,478.925773117722,0.478756417656816,-14.4372309280532,4,0.819280924266196,1,1,1,"positive"
"FT13894","PC(O-36:5) // PC(P-36:4)","PC(O-36:5) // PC(P-36:4)_1","Glycerophospholipids [GP]","1-Alkyl-2-acyl-glycerophosphocholines // 1-Acyl-2-alkylglycerophosphocholines // 1-(1Z-alkenyl)-2-acylglycerophosphocholines [PC O/P-]","Adduct[M+H]+","[M+H]+","PC(15:0/18:1(d7))",766.574169123064,447.449993853313,0.487985074831482,-13.6279279994238,6,0.836846039288622,1,0.5,1,"positive"
"FT13904","PC(O-16:1/20:4) // PC(P-16:0/20:4)","PC(O-16:1/20:4) // PC(P-16:0/20:4)_1","Glycerophospholipids [GP]","1-Alkyl-2-acyl-glycerophosphocholines // 1-Acyl-2-alkylglycerophosphocholines // 1-(1Z-alkenyl)-2-acylglycerophosphocholines [PC O/P-]","Adduct[M+H]+","[M+H]+","PC(15:0/18:1(d7))",766.569627828955,510.733681238138,6.41212402484279,-0.274737726623243,2,0.891776451565163,0,0,1,"positive"
"FT13984","PC(O-16:0_20:4)","PC(O-16:0_20:4)_1","Glycerophospholipids [GP]","1-Alkyl-2-acyl-glycerophosphocholines // 1-Acyl-2-alkylglycerophosphocholines [PC O-]","Adduct[M+H]+","[M+H]+","PC(15:0/18:1(d7))",768.590152121995,526.983094419922,0.0535294416987679,-5.70441472474147,7,0.880690394622871,2,1,1,"positive"
"FT13986","PC(O-36:4) // PC(P-36:3)","PC(O-36:4) // PC(P-36:3)_1","Glycerophospholipids [GP]","1-Alkyl-2-acyl-glycerophosphocholines // 1-Acyl-2-alkylglycerophosphocholines // 1-(1Z-alkenyl)-2-acylglycerophosphocholines [PC O/P-]","Adduct[M+H]+","[M+H]+","PC(15:0/18:1(d7))",768.587549063911,558.725506787305,3.44032530166777,-8.74687344696315,2,0.891889904870138,1,0.5,1,"positive"
"FT13997","TG(44:0)","TG(44:0)_1","Glycerolipids [GL]","Triglycerides [TG]","Adduct[M+NH4]+","[M+NH4]+","TG(15:0/18:1(d7)/15:0)",768.707389017715,806.828879556933,0.200168824432528,-8.50866502253302,4,0.848373604703278,3,1,1,"positive"
"FT14059","PC(35:3)","PC(35:3)_1","Glycerophospholipids [GP]","Diacylglycerophosphocholines [PC]","Adduct[M+H]+","[M+H]+","PC(15:0/18:1(d7))",770.569266341539,425.247390928948,0.248982695934711,-11.307467724557,4,0.965127966093976,1,1,1,"positive"
"FT14074","PC(O-18:1/18:2) // PC(P-18:0/18:2)","PC(O-18:1/18:2) // PC(P-18:0/18:2)_1","Glycerophospholipids [GP]","1-Alkyl-2-acyl-glycerophosphocholines // 1-Acyl-2-alkylglycerophosphocholines // 1-(1Z-alkenyl)-2-acylglycerophosphocholines [PC O/P-]","Adduct[M+H]+","[M+H]+","PC(15:0/18:1(d7))",770.60570146331,567.310702884274,0.184095526998159,2.84260356191669,5,0.843607358038789,1,0.5,1,"positive"
"FT14174","PC(O-18:1/18:1) // PC(P-18:0/18:1)","PC(O-18:1/18:1) // PC(P-18:0/18:1)_1; PC(O-18:0_18:2)_1","Glycerophospholipids [GP]","1-Alkyl-2-acyl-glycerophosphocholines // 1-Acyl-2-alkylglycerophosphocholines // 1-(1Z-alkenyl)-2-acylglycerophosphocholines [PC O/P-]","Adduct[M+H]+","[M+H]+","PC(15:0/18:1(d7))",772.621645075684,673.826873916018,0.196322630140989,1.39135305762943,4,0.945129211120243,1,0.5,2,"positive"
"FT14245","PE(O-18:2/22:6) // PE(P-18:1/22:6)","PE(O-18:2/22:6) // PE(P-18:1/22:6)_1","Glycerophospholipids [GP]","1-Alkyl-2-acyl-glycerophosphoethanolamines // 1-Acyl-2-alkylglycerophosphoethanolamines // 1-(1Z-alkenyl)-2-acylglycerophosphoethanolamines [PE O/P-]","Adduct[M+H]+","[M+H]+","PE(15:0/18:1(d7))",774.542867663702,510.720282561593,0.484682942740888,-19.0057251137903,3,0.827940475653703,1,1,1,"positive"
"FT14278","PC(O-36:1) // PC(P-36:0)","PC(O-36:1) // PC(P-36:0)_1","Glycerophospholipids [GP]","1-Alkyl-2-acyl-glycerophosphocholines // 1-Acyl-2-alkylglycerophosphocholines // 1-(1Z-alkenyl)-2-acylglycerophosphocholines [PC O/P-]","Adduct[M+H]+","[M+H]+","PC(15:0/18:1(d7))",774.637486887234,706.069406483574,0.443343619832402,0.774958320882092,4,0.917207478325436,0,0,1,"positive"
"FT14343","PE(O-18:1/22:6) // PE(P-18:0/22:6)","PE(O-18:1/22:6) // PE(P-18:0/22:6)_1","Glycerophospholipids [GP]","1-Alkyl-2-acyl-glycerophosphoethanolamines // 1-Acyl-2-alkylglycerophosphoethanolamines // 1-(1Z-alkenyl)-2-acylglycerophosphoethanolamines [PE O/P-]","Adduct[M+H]+","[M+H]+","PE(15:0/18:1(d7))",776.559859758999,680.374795288642,1.2447519540963,19.2791793004714,2,0.889323772721189,1,1,1,"positive"
"FT14424","PC(14:0_22:6)","PC(14:0_22:6)_1","Glycerophospholipids [GP]","Diacylglycerophosphocholines [PC]","Adduct[M+H]+","[M+H]+","PC(15:0/18:1(d7))",778.537841098877,356.06253777436,0.407138327055539,-4.40819379195597,3,0.811251795503424,0,0,1,"positive"
"FT14433","PE(O-18:1/22:5) // PE(P-18:0/22:5)","PE(O-18:1/22:5) // PE(P-18:0/22:5)_1","Glycerophospholipids [GP]","1-Alkyl-2-acyl-glycerophosphoethanolamines // 1-Acyl-2-alkylglycerophosphoethanolamines // 1-(1Z-alkenyl)-2-acylglycerophosphoethanolamines [PE O/P-]","Adduct[M+H]+","[M+H]+","PE(15:0/18:1(d7))",778.574366185408,675.324302761745,0.227357282246464,-7.34655174466332,3,0.958019511836719,1,1,1,"positive"
"FT14441","PE(O-18:1/22:5) // PE(P-18:0/22:5)","PE(O-18:1/22:5) // PE(P-18:0/22:5)_1","Glycerophospholipids [GP]","1-Alkyl-2-acyl-glycerophosphoethanolamines // 1-Acyl-2-alkylglycerophosphoethanolamines // 1-(1Z-alkenyl)-2-acylglycerophosphoethanolamines [PE O/P-]","Adduct[M+H]+","[M+H]+","PE(15:0/18:1(d7))",778.573972904108,693.064254182726,0.732487205772909,10.3933996763178,3,0.814155695185697,1,1,1,"positive"
"FT14503","PC(16:1/20:4)","PC(16:1/20:4)_1","Glycerophospholipids [GP]","Diacylglycerophosphocholines [PC]","Adduct[M+H]+","[M+H]+","PC(15:0/18:1(d7))",780.553397995945,378.419199103814,0.52544725349962,-6.7828782781051,4,0.962717162899267,0,0,1,"positive"
"FT14506","PC(16:0/20:5)","PC(16:0/20:5)_1","Glycerophospholipids [GP]","Diacylglycerophosphocholines [PC]","Adduct[M+H]+","[M+H]+","PC(15:0/18:1(d7))",780.553267456788,422.340041747063,0.69268640583648,19.3228986460711,2,0.889726351669413,1,0.333333333333333,1,"positive"
"FT14515","PC(18:2/18:3)","PC(18:2/18:3)_1","Glycerophospholipids [GP]","Diacylglycerophosphocholines [PC]","Adduct[M+H]+","[M+H]+","PC(15:0/18:1(d7))",780.553237064831,361.014316576131,0.731622808618014,-6.35301930263205,3,0.955670325998741,1,0.5,1,"positive"
"FT14519","PE(O-20:1/20:4) // PE(P-20:0/20:4)","PE(O-20:1/20:4) // PE(P-20:0/20:4)_1","Glycerophospholipids [GP]","1-Alkyl-2-acyl-glycerophosphoethanolamines // 1-Acyl-2-alkylglycerophosphoethanolamines // 1-(1Z-alkenyl)-2-acylglycerophosphoethanolamines [PE O/P-]","Adduct[M+H]+","[M+H]+","PE(15:0/18:1(d7))",780.59087021682,703.326847092737,0.867231778051141,-3.99985680321447,5,0.938400119924724,1,1,1,"positive"
"FT14520","PC(O-37:5) // PC(P-37:4)","PC(O-37:5) // PC(P-37:4)_1","Glycerophospholipids [GP]","1-Alkyl-2-acyl-glycerophosphocholines // 1-Acyl-2-alkylglycerophosphocholines // 1-(1Z-alkenyl)-2-acylglycerophosphocholines [PC O/P-]","Adduct[M+H]+","[M+H]+","PC(15:0/18:1(d7))",780.589168819844,556.355357222467,1.31239716262361,0.875001331425892,3,0.810890016836191,1,0.5,1,"positive"
"FT14522","PE(O-20:1/20:4) // PE(P-20:0/20:4)","PE(O-20:1/20:4) // PE(P-20:0/20:4)_1","Glycerophospholipids [GP]","1-Alkyl-2-acyl-glycerophosphoethanolamines // 1-Acyl-2-alkylglycerophosphoethanolamines // 1-(1Z-alkenyl)-2-acylglycerophosphoethanolamines [PE O/P-]","Adduct[M+H]+","[M+H]+","PE(15:0/18:1(d7))",780.589565097459,709.91450954245,0.804733067131448,2.58780564649828,3,0.814306901523462,1,1,1,"positive"
"FT14537","TG(45:1)","TG(45:1)_1","Glycerolipids [GL]","Triglycerides [TG]","Adduct[M+NH4]+","[M+NH4]+","TG(15:0/18:1(d7)/15:0)",780.706918590852,795.935017920873,0.79965686764772,-6.87525814012395,2,0.88043363755862,2,1,1,"positive"
"FT14605","PC(18:2/18:2)","PC(18:2/18:2)_1; PC(36:4)_1; PC(36:4)_2","Glycerophospholipids [GP]","Diacylglycerophosphocholines [PC]","Adduct[M+H]+","[M+H]+","PC(15:0/18:1(d7))",782.569668929937,425.775624030165,0.269279531494997,9.89716896337166,4,0.943150776669792,1,0.333333333333333,3,"positive"
"FT14616","PE(O-40:5) // PE(P-40:4)","PE(O-40:5) // PE(P-40:4)_1","Glycerophospholipids [GP]","1-Alkyl-2-acyl-glycerophosphoethanolamines // 1-Acyl-2-alkylglycerophosphoethanolamines // 1-(1Z-alkenyl)-2-acylglycerophosphoethanolamines [PE O/P-]","Adduct[M+H]+","[M+H]+","PE(15:0/18:1(d7))",782.605206441794,707.638551939041,0.813802516385536,5.42432290379395,5,0.885881437669234,1,1,1,"positive"
"FT14662","SM(d18:2/22:1)","SM(d18:2/22:1)_1","Sphingolipids [SP]","Sphingomyelins [SM]","Adduct[M+H]+","[M+H]+","SM(d18:1/18:1(d9))",783.634627156242,574.290522273981,3.63722836207457,-7.29379581472494,2,0.887346503837428,1,1,1,"positive"
"FT14693","PC(16:0_20:3)","PC(16:0_20:3)_1; PC(16:0_20:3)_2","Glycerophospholipids [GP]","Diacylglycerophosphocholines [PC]","Adduct[M+H]+","[M+H]+","PC(15:0/18:1(d7))",784.585056279167,521.41098805275,0.0662579912317108,16.2901144768327,4,0.965549367185442,2,0.666666666666667,2,"positive"
"FT14767","PE(40:9)","PE(40:9)_1","Glycerophospholipids [GP]","Diacylglycerophosphoethanolamines [PE]","Adduct[M+H]+","[M+H]+","PE(15:0/18:1(d7))",786.504258858405,446.904229146519,3.30459266684054,-12.2358969123959,2,0.887727425846002,1,1,1,"positive"
"FT14840","SM(d40:1)","SM(d40:1)_1; SM(d40:1)_2; SM(d40:1)_3","Sphingolipids [SP]","Sphingomyelins [SM]","Adduct[M+H]+","[M+H]+","SM(d18:1/18:1(d9))",787.667275526898,695.476745065058,1.90692616540978,-1.62215342596619,3,0.844976971469148,1,0.333333333333333,3,"positive"
"FT14927","SM(d18:0/22:0)","SM(d18:0/22:0)_1","Sphingolipids [SP]","Sphingomyelins [SM]","Adduct[M+H]+","[M+H]+","SM(d18:1/18:1(d9))",789.684380075167,719.287647984666,0.0602039642825843,1.68767686636306,4,0.851508422708475,1,0.5,1,"positive"
"FT15026","PC(37:6)","PC(37:6)_1","Glycerophospholipids [GP]","Diacylglycerophosphocholines [PC]","Adduct[M+H]+","[M+H]+","PC(15:0/18:1(d7))",792.553431524786,389.239797033974,0.475186682028363,-7.84255775366017,3,0.95461850863238,0,0,1,"positive"
"FT15040","PC(O-16:1_22:5) // PC(P-16:0_22:5)","PC(O-16:1_22:5) // PC(P-16:0_22:5)_1","Glycerophospholipids [GP]","1-Alkyl-2-acyl-glycerophosphocholines // 1-Acyl-2-alkylglycerophosphocholines // 1-(1Z-alkenyl)-2-acylglycerophosphocholines [PC O/P-]","Adduct[M+H]+","[M+H]+","PC(15:0/18:1(d7))",792.590099321579,508.764175862655,0.118526094419748,-16.9977377452041,6,0.92530848259646,1,0.5,1,"positive"
"FT15041","PC(O-38:6) // PC(P-38:5)","PC(O-38:6) // PC(P-38:5)_2","Glycerophospholipids [GP]","1-Alkyl-2-acyl-glycerophosphocholines // 1-Acyl-2-alkylglycerophosphocholines // 1-(1Z-alkenyl)-2-acylglycerophosphocholines [PC O/P-]","Adduct[M+H]+","[M+H]+","PC(15:0/18:1(d7))",792.590210684039,489.664370927003,0.0219783690392401,-17.457520167279,6,0.920172720403721,2,1,1,"positive"
"FT15042","PC(O-38:6) // PC(P-38:5)","PC(O-38:6) // PC(P-38:5)_1","Glycerophospholipids [GP]","1-Alkyl-2-acyl-glycerophosphocholines // 1-Acyl-2-alkylglycerophosphocholines // 1-(1Z-alkenyl)-2-acylglycerophosphocholines [PC O/P-]","Adduct[M+H]+","[M+H]+","PC(15:0/18:1(d7))",792.589590274387,456.75212346049,0.760783841714672,-13.1308040512416,3,0.852337807420895,0,0,1,"positive"
"FT15044","PC(O-16:1_22:5) // PC(P-16:0_22:5)","PC(O-16:1_22:5) // PC(P-16:0_22:5)_1","Glycerophospholipids [GP]","1-Alkyl-2-acyl-glycerophosphocholines // 1-Acyl-2-alkylglycerophosphocholines // 1-(1Z-alkenyl)-2-acylglycerophosphocholines [PC O/P-]","Adduct[M+H]+","[M+H]+","PC(15:0/18:1(d7))",792.588478770602,543.028558744383,2.16315267573306,17.2666451365243,2,0.885510915638702,1,0.5,1,"positive"
"FT15059","TG(46:2)","TG(46:2)_1","Glycerolipids [GL]","Triglycerides [TG]","Adduct[M+NH4]+","[M+NH4]+","TG(15:0/18:1(d7)/15:0)",792.707176339049,786.896109802351,0.462402501868181,-6.15231184077265,4,0.795810459828119,3,1,1,"positive"
"FT15138","PC(O-38:5) // PC(P-38:4)","PC(O-38:5) // PC(P-38:4)_4","Glycerophospholipids [GP]","1-Alkyl-2-acyl-glycerophosphocholines // 1-Acyl-2-alkylglycerophosphocholines // 1-(1Z-alkenyl)-2-acylglycerophosphocholines [PC O/P-]","Adduct[M+H]+","[M+H]+","PC(15:0/18:1(d7))",794.605409180947,589.773270395368,0.546368310311945,1.1032338016571,2,0.885622146491811,1,0.5,1,"positive"
"FT15139","PC(O-38:5) // PC(P-38:4)","PC(O-38:5) // PC(P-38:4)_2","Glycerophospholipids [GP]","1-Alkyl-2-acyl-glycerophosphocholines // 1-Acyl-2-alkylglycerophosphocholines // 1-(1Z-alkenyl)-2-acylglycerophosphocholines [PC O/P-]","Adduct[M+H]+","[M+H]+","PC(15:0/18:1(d7))",794.603336632855,673.347614333349,3.1546402095041,12.2519983451785,2,0.885050636257653,0,0,1,"positive"
"FT15143","PC(O-38:5) // PC(P-38:4)","PC(O-38:5) // PC(P-38:4)_1","Glycerophospholipids [GP]","1-Alkyl-2-acyl-glycerophosphocholines // 1-Acyl-2-alkylglycerophosphocholines // 1-(1Z-alkenyl)-2-acylglycerophosphocholines [PC O/P-]","Adduct[M+H]+","[M+H]+","PC(15:0/18:1(d7))",794.605761297827,629.725604157775,0.103234293009683,10.5882929729931,3,0.823803278592103,1,0.5,1,"positive"
"FT15152","TG(46:1)","TG(46:1)_1","Glycerolipids [GL]","Triglycerides [TG]","Adduct[M+NH4]+","[M+NH4]+","TG(15:0/18:1(d7)/15:0)",794.72318909581,806.714516157826,0.00485375257314435,-7.64846275665718,4,0.940048461211898,3,1,1,"positive"
"FT15229","PE(18:0/22:4)","PE(18:0/22:4)_1","Glycerophospholipids [GP]","Diacylglycerophosphoethanolamines [PE]","Adduct[M+H]+","[M+H]+","PE(15:0/18:1(d7))",796.585418040852,684.971184905035,0.388880797119025,-2.87943176302304,3,0.955070287644452,1,1,1,"positive"
"FT15239","PC(O-18:0/20:4)","PC(O-18:0/20:4)_1","Glycerophospholipids [GP]","1-Alkyl-2-acyl-glycerophosphocholines // 1-Acyl-2-alkylglycerophosphocholines [PC O-]","Adduct[M+H]+","[M+H]+","PC(15:0/18:1(d7))",796.620124083241,683.119651608813,1.71889582545606,7.60148327256229,2,0.885308649516536,1,0.5,1,"positive"
"FT15242","PC(O-38:4) // PC(P-38:3)","PC(O-38:4) // PC(P-38:3)_1","Glycerophospholipids [GP]","1-Alkyl-2-acyl-glycerophosphocholines // 1-Acyl-2-alkylglycerophosphocholines // 1-(1Z-alkenyl)-2-acylglycerophosphocholines [PC O/P-]","Adduct[M+H]+","[M+H]+","PC(15:0/18:1(d7))",796.621059749691,614.202377842727,0.544352510010364,6.30860649608235,4,0.915721168325843,0,0,1,"positive"
"FT15243","PC(O-38:4) // PC(P-38:3)","PC(O-38:4) // PC(P-38:3)_2","Glycerophospholipids [GP]","1-Alkyl-2-acyl-glycerophosphocholines // 1-Acyl-2-alkylglycerophosphocholines // 1-(1Z-alkenyl)-2-acylglycerophosphocholines [PC O/P-]","Adduct[M+H]+","[M+H]+","PC(15:0/18:1(d7))",796.622024393729,658.59179200551,0.666566410085407,12.8855639724653,7,0.84762802128176,1,0.5,1,"positive"
"FT15256","TG(46:0)","TG(46:0)_1","Glycerolipids [GL]","Triglycerides [TG]","Adduct[M+NH4]+","[M+NH4]+","TG(15:0/18:1(d7)/15:0)",796.738828789499,832.030630865781,0.0178576708476664,-9.5923478986798,4,0.937610635566382,3,1,1,"positive"
"FT15338","PC(37:3)","PC(37:3)_1","Glycerophospholipids [GP]","Diacylglycerophosphocholines [PC]","Adduct[M+H]+","[M+H]+","PC(15:0/18:1(d7))",798.599898716829,549.747416651543,1.07639713791834,1.19244131816697,3,0.954127011147206,0,0,1,"positive"
"FT15344","PC(O-18:0_20:3)","PC(O-18:0_20:3)_1","Glycerophospholipids [GP]","1-Alkyl-2-acyl-glycerophosphocholines // 1-Acyl-2-alkylglycerophosphocholines [PC O-]","Adduct[M+H]+","[M+H]+","PC(15:0/18:1(d7))",798.636727371073,677.995796917192,0.520994708367281,-16.0206767202114,3,0.797586135497409,1,1,1,"positive"
"FT15430","PC(37:2)","PC(37:2)_1; PC(37:2)_2","Glycerophospholipids [GP]","Diacylglycerophosphocholines [PC]","Adduct[M+H]+","[M+H]+","PC(15:0/18:1(d7))",800.616191961621,657.228071262475,0.27033043171834,-0.787669431227414,3,0.954650173577023,0,0,2,"positive"
"FT15501","PC(O-39:8) // PC(P-39:7)","PC(O-39:8) // PC(P-39:7)_1","Glycerophospholipids [GP]","1-Alkyl-2-acyl-glycerophosphocholines // 1-Acyl-2-alkylglycerophosphocholines // 1-(1Z-alkenyl)-2-acylglycerophosphocholines [PC O/P-]","Adduct[M+H]+","[M+H]+","PC(15:0/18:1(d7))",802.572141951757,703.334824287901,2.99193173133686,-3.99187960805125,4,0.784048168540623,1,1,1,"positive"
"FT15586","PC(38:7)","PC(38:7)_1","Glycerophospholipids [GP]","Diacylglycerophosphocholines [PC]","Adduct[M+H]+","[M+H]+","PC(15:0/18:1(d7))",804.551406156942,406.65740152155,2.98547944727409,13.4941636882222,2,0.88315503618935,1,0.5,1,"positive"
"FT15587","PC(18:2_20:5)","PC(18:2_20:5)_1","Glycerophospholipids [GP]","Diacylglycerophosphocholines [PC]","Adduct[M+H]+","[M+H]+","PC(15:0/18:1(d7))",804.553318907144,354.601297192892,0.60807450197294,-4.85883666886195,3,0.848166584588036,0,0,1,"positive"
"FT15589","PC(18:2_20:5)","PC(18:2_20:5)_1; PC(16:1_22:6)_1","Glycerophospholipids [GP]","Diacylglycerophosphocholines [PC]","Adduct[M+H]+","[M+H]+","PC(15:0/18:1(d7))",804.553337634737,365.937314265547,0.584797509577372,6.47718040379323,3,0.849784790488245,0,0,2,"positive"
"FT15693","PC(18:2/20:4)","PC(18:2/20:4)_1; PC(38:6)_1; PC(38:6)_2","Glycerophospholipids [GP]","Diacylglycerophosphocholines [PC]","Adduct[M+H]+","[M+H]+","PC(15:0/18:1(d7))",806.568314014005,406.093000092715,1.41858333885394,1.05905161694744,4,0.806004358575743,2,0.666666666666667,3,"positive"
"FT15704","PE(O-42:6) // PE(P-42:5)","PE(O-42:6) // PE(P-42:5)_1","Glycerophospholipids [GP]","1-Alkyl-2-acyl-glycerophosphoethanolamines // 1-Acyl-2-alkylglycerophosphoethanolamines // 1-(1Z-alkenyl)-2-acylglycerophosphoethanolamines [PE O/P-]","Adduct[M+H]+","[M+H]+","PE(15:0/18:1(d7))",806.604674625526,709.959870012181,1.44891446435109,1.58648855977572,3,0.820745362317864,1,1,1,"positive"
"FT15710","HexCer(d18:1/22:0)","HexCer(d18:1/22:0)_1","Sphingolipids [SP]","Hexosylceramides [HexCer]","Adduct[M+Na]+","[M+Na]+","SM(d18:1/18:1(d9))",806.648383255849,713.952403380053,0.448025581775577,1.45570278495529,3,0.823752403553804,1,1,1,"positive"
"FT15719","TG(47:2)","TG(47:2)_1","Glycerolipids [GL]","Triglycerides [TG]","Adduct[M+NH4]+","[M+NH4]+","TG(15:0/18:1(d7)/15:0)",806.722760793091,798.487804982297,0.535698133957281,-5.31049624623199,3,0.952604522706497,2,0.666666666666667,1,"positive"
"FT15771","PC(38:5)","PC(38:5)_1; PC(18:1_20:4)_1","Glycerophospholipids [GP]","Diacylglycerophosphocholines [PC]","Adduct[M+H]+","[M+H]+","PC(15:0/18:1(d7))",808.584067661381,472.10611430839,1.2869428443181,0.286522147075175,4,0.964373639658056,2,1,2,"positive"
"FT15801","TG(47:1)","TG(47:1)_1; TG(47:1)_2","Glycerolipids [GL]","Triglycerides [TG]","Adduct[M+NH4]+","[M+NH4]+","TG(15:0/18:1(d7)/15:0)",808.738436653415,818.65494503979,0.502466263162422,-4.26472456734484,3,0.792210515629567,3,1,2,"positive"
"FT15828","SM(d42:4)","SM(d42:4)_1","Sphingolipids [SP]","Sphingomyelins [SM]","Adduct[M+H]+","[M+H]+","SM(d18:1/18:1(d9))",809.652385587204,596.387790527436,0.916320422765342,-10.5298843844283,3,0.95109596923284,0,0,1,"positive"
"FT15869","PC(18:1/20:3)","PC(18:1/20:3)_1; PC(38:4)_1; PC(16:0/22:4)_1","Glycerophospholipids [GP]","Diacylglycerophosphocholines [PC]","Adduct[M+H]+","[M+H]+","PC(15:0/18:1(d7))",810.601286962434,526.783407980237,0.652150924320643,4.9219053976127,4,0.941913728769708,2,1,3,"positive"
"FT15893","TG(47:0)","TG(47:0)_1; TG(47:0)_2","Glycerolipids [GL]","Triglycerides [TG]","Adduct[M+NH4]+","[M+NH4]+","TG(15:0/18:1(d7)/15:0)",810.754215372111,846.595682109762,0.342532161492781,-6.01205806077598,3,0.954583890141303,3,1,2,"positive"
"FT15980","PC(18:0_20:3)","PC(18:0_20:3)_1; PC(38:3)_2","Glycerophospholipids [GP]","Diacylglycerophosphocholines [PC]","Adduct[M+H]+","[M+H]+","PC(15:0/18:1(d7))",812.616176270688,666.105698837728,0.285647581752114,12.1540088947672,4,0.963059326002883,1,0.333333333333333,2,"positive"
"FT16029","SM(d18:1/24:1)","SM(d18:1/24:1)_1; SM(d42:2)_1","Sphingolipids [SP]","Sphingomyelins [SM]","Adduct[M+H]+","[M+H]+","SM(d18:1/18:1(d9))",813.683935365193,701.085237069147,0.604966852295477,-9.31941477782675,4,0.948272912520821,1,0.333333333333333,2,"positive"
"FT16070","PC(18:1/20:1)","PC(18:1/20:1)_1","Glycerophospholipids [GP]","Diacylglycerophosphocholines [PC]","Adduct[M+H]+","[M+H]+","PC(15:0/18:1(d7))",814.632716906306,684.204603961695,0.808278411546486,-8.76374777992623,5,0.793636654331808,3,1,1,"positive"
"FT16121","SM(d18:0/24:1)","SM(d18:0/24:1)_1; SM(d42:1)_1; SM(d18:1/24:0)_1","Sphingolipids [SP]","Sphingomyelins [SM]","Adduct[M+H]+","[M+H]+","SM(d18:1/18:1(d9))",815.700465251458,718.958597357127,0.475137821310043,2.40339923705983,4,0.938783417204623,0,0,3,"positive"
"FT16246","PC(O-40:7) // PC(P-40:6)","PC(O-40:7) // PC(P-40:6)_2","Glycerophospholipids [GP]","1-Alkyl-2-acyl-glycerophosphocholines // 1-Acyl-2-alkylglycerophosphocholines // 1-(1Z-alkenyl)-2-acylglycerophosphocholines [PC O/P-]","Adduct[M+H]+","[M+H]+","PC(15:0/18:1(d7))",818.605526677933,501.030402166271,0.386816767363568,-16.8758257249448,4,0.836063857407366,1,0.5,1,"positive"
"FT16264","TG(48:3)","TG(48:3)_1","Glycerolipids [GL]","Triglycerides [TG]","Adduct[M+NH4]+","[M+NH4]+","TG(15:0/18:1(d7)/15:0)",818.723126337925,787.47771211431,0.0813648321343856,-5.57070952881429,4,0.96777402694916,2,1,1,"positive"
"FT16323","PC(39:6)","PC(39:6)_1; PC(39:6)_2","Glycerophospholipids [GP]","Diacylglycerophosphocholines [PC]","Adduct[M+H]+","[M+H]+","PC(15:0/18:1(d7))",820.584960560588,477.301614262793,0.179997918785503,2.43042225061276,4,0.947801287664854,1,0.5,2,"positive"
"FT16335","PC(O-40:6) // PC(P-40:5)","PC(O-40:6) // PC(P-40:5)_1","Glycerophospholipids [GP]","1-Alkyl-2-acyl-glycerophosphocholines // 1-Acyl-2-alkylglycerophosphocholines // 1-(1Z-alkenyl)-2-acylglycerophosphocholines [PC O/P-]","Adduct[M+H]+","[M+H]+","PC(15:0/18:1(d7))",820.620996491492,622.822682666466,0.605518027384419,14.9289113198213,3,0.799702095655599,0,0,1,"positive"
"FT16336","PC(O-40:6) // PC(P-40:5)","PC(O-40:6) // PC(P-40:5)_3","Glycerophospholipids [GP]","1-Alkyl-2-acyl-glycerophosphocholines // 1-Acyl-2-alkylglycerophosphocholines // 1-(1Z-alkenyl)-2-acylglycerophosphocholines [PC O/P-]","Adduct[M+H]+","[M+H]+","PC(15:0/18:1(d7))",820.619650138169,581.256783404072,2.24616884383178,7.46240588679893,3,0.836562296913019,0,0,1,"positive"
"FT16341","HexCer(d18:1/23:0)","HexCer(d18:1/23:0)_1","Sphingolipids [SP]","Hexosylceramides [HexCer]","Adduct[M+Na]+","[M+Na]+","SM(d18:1/18:1(d9))",820.664613669423,721.28382567595,1.14754479269984,0.612559795711149,3,0.800959782919209,1,1,1,"positive"
"FT16347","TG(48:2)","TG(48:2)_1","Glycerolipids [GL]","Triglycerides [TG]","Adduct[M+NH4]+","[M+NH4]+","TG(15:0/18:1(d7)/15:0)",820.73956521311,807.89344435811,0.879933632038583,-8.41745923661085,4,0.96869897713817,3,1,1,"positive"
"FT16426","PC(39:5)","PC(39:5)_1; PC(39:5)_2","Glycerophospholipids [GP]","Diacylglycerophosphocholines [PC]","Adduct[M+H]+","[M+H]+","PC(15:0/18:1(d7))",822.600007613545,510.977679547677,0.912611430241183,1.91290190497864,3,0.945123367240376,0,0,2,"positive"
"FT16432","PC(O-20:1_20:4) // PC(P-20:0_20:4)","PC(O-20:1_20:4) // PC(P-20:0_20:4)_1; PC(O-40:5) // PC(P-40:4)_1","Glycerophospholipids [GP]","1-Alkyl-2-acyl-glycerophosphocholines // 1-Acyl-2-alkylglycerophosphocholines // 1-(1Z-alkenyl)-2-acylglycerophosphocholines [PC O/P-]","Adduct[M+H]+","[M+H]+","PC(15:0/18:1(d7))",822.637117767118,666.874493778253,0.0312284481312653,-12.7131985939006,4,0.933358256121637,1,1,2,"positive"
"FT16537","PC(39:4)","PC(39:4)_1; PC(39:4)_2","Glycerophospholipids [GP]","Diacylglycerophosphocholines [PC]","Adduct[M+H]+","[M+H]+","PC(15:0/18:1(d7))",824.616796915843,635.885926005579,0.471156333181362,11.6665867994384,2,0.879899579292161,0,0,2,"positive"
"FT16542","PC(O-20:0_20:4)","PC(O-20:0_20:4)_1","Glycerophospholipids [GP]","1-Alkyl-2-acyl-glycerophosphocholines // 1-Acyl-2-alkylglycerophosphocholines // 1-(1Z-alkenyl)-2-acylglycerophosphocholines [PC O/P-]","Adduct[M+H]+","[M+H]+","PC(15:0/18:1(d7))",824.65333009505,709.225473892161,0.650666625313521,1.89876999620935,5,0.784706983063659,1,1,1,"positive"
"FT16555","TG(48:0)","TG(48:0)_1; TG(14:0_16:0_18:0)_1","Glycerolipids [GL]","Triglycerides [TG]","Adduct[M+NH4]+","[M+NH4]+","TG(15:0/18:1(d7)/15:0)",824.770647574799,861.956495301018,0.611599489647494,-5.03937256046606,4,0.967969196378766,3,1,2,"positive"
"FT16690","SM(d18:2/25:0)","SM(d18:2/25:0)_1","Sphingolipids [SP]","Sphingomyelins [SM]","Adduct[M+H]+","[M+H]+","SM(d18:1/18:1(d9))",827.700314729174,719.011999399878,0.286393200520283,3.44034944056875,5,0.91425826543945,1,1,1,"positive"
"FT16802","SM(d18:1/25:0)","SM(d18:1/25:0)_1; SM(d43:1)_1","Sphingolipids [SP]","Sphingomyelins [SM]","Adduct[M+H]+","[M+H]+","SM(d18:1/18:1(d9))",829.715968469126,735.933791148962,0.290127591601071,2.7605517983751,7,0.817647683654482,1,1,2,"positive"
"FT16820","PC(20:4/20:4)","PC(20:4/20:4)_1","Glycerophospholipids [GP]","Diacylglycerophosphocholines [PC]","Adduct[M+H]+","[M+H]+","PC(15:0/18:1(d7))",830.569148103657,382.836694890971,0.373353896149368,-8.30702851135214,4,0.933325056732019,1,0.5,1,"positive"
"FT16918","PC(40:7)","PC(40:7)_1; PC(20:3/20:4)_1; PC(18:1/22:6)_1","Glycerophospholipids [GP]","Diacylglycerophosphocholines [PC]","Adduct[M+H]+","[M+H]+","PC(15:0/18:1(d7))",832.585234038858,440.367779113609,0.151065226601511,11.6584749760159,4,0.93812878707886,1,0.5,3,"positive"
"FT16926","PC(40:7)","PC(40:7)_2","Glycerophospholipids [GP]","Diacylglycerophosphocholines [PC]","Adduct[M+H]+","[M+H]+","PC(15:0/18:1(d7))",832.58460477294,451.899972231606,0.604732482682065,-10.9393199406624,4,0.815636704917945,1,0.5,1,"positive"
"FT17011","PC(18:1_22:5)","PC(18:1_22:5)_1; PC(40:6)_1","Glycerophospholipids [GP]","Diacylglycerophosphocholines [PC]","Adduct[M+H]+","[M+H]+","PC(15:0/18:1(d7))",834.600386330895,479.775369422975,0.445719107490023,-4.77962915780404,4,0.924054088881427,1,0.5,2,"positive"
"FT17019","PC(40:6)","PC(40:6)_2; PC(40:6)_3","Glycerophospholipids [GP]","Diacylglycerophosphocholines [PC]","Adduct[M+H]+","[M+H]+","PC(15:0/18:1(d7))",834.599962425715,504.691353683765,0.953632831901679,-3.37245143911679,3,0.793955724334208,0,0,2,"positive"
"FT17026","HexCer(d18:1/24:0)","HexCer(d18:1/24:0)_1","Sphingolipids [SP]","Hexosylceramides [HexCer]","Adduct[M+Na]+","[M+Na]+","SM(d18:1/18:1(d9))",834.679920219204,728.938226330299,0.716723043687816,1.09046635899904,3,0.846337652780022,3,1.5,1,"positive"
"FT17108","PC(40:5)","PC(40:5)_2","Glycerophospholipids [GP]","Diacylglycerophosphocholines [PC]","Adduct[M+H]+","[M+H]+","PC(15:0/18:1(d7))",836.616753355923,575.277170178418,0.412331528848101,-7.33552547392321,4,0.802275893335716,1,1,1,"positive"
"FT17122","TG(49:1)","TG(49:1)_2","Glycerolipids [GL]","Triglycerides [TG]","Adduct[M+NH4]+","[M+NH4]+","TG(15:0/18:1(d7)/15:0)",836.769958233855,845.470076405159,0.220982962285449,-11.6531447200001,4,0.932284212000937,3,1,1,"positive"
"FT17179","PC(18:0/22:4)","PC(18:0/22:4)_1; PC(40:4)_1","Glycerophospholipids [GP]","Diacylglycerophosphocholines [PC]","Adduct[M+H]+","[M+H]+","PC(15:0/18:1(d7))",838.631609806245,689.007868926891,0.534979017309392,8.37191317443558,4,0.794072253320701,1,0.333333333333333,2,"positive"
"FT17180","PC(18:0/22:4)","PC(18:0/22:4)_1","Glycerophospholipids [GP]","Diacylglycerophosphocholines [PC]","Adduct[M+H]+","[M+H]+","PC(15:0/18:1(d7))",838.632099402502,670.878036765407,0.0488243937246803,-9.75791898704904,4,0.964805523759369,1,0.333333333333333,1,"positive"
"FT17197","TG(49:0)","TG(49:0)_1; TG(49:0)_2","Glycerolipids [GL]","Triglycerides [TG]","Adduct[M+NH4]+","[M+NH4]+","TG(15:0/18:1(d7)/15:0)",838.785419996975,878.754960787725,0.444944379529425,-4.25370243368957,3,0.82256617201698,3,1,2,"positive"
"FT17395","SM(d18:1/26:0)","SM(d18:1/26:0)_1","Sphingolipids [SP]","Sphingomyelins [SM]","Adduct[M+H]+","[M+H]+","SM(d18:1/18:1(d9))",843.731585911683,744.587819254942,0.246644594073474,-0.54164189352889,4,0.950283052033614,0,0,1,"positive"
"FT17499","PC(O-42:7) // PC(P-42:6)","PC(O-42:7) // PC(P-42:6)_1","Glycerophospholipids [GP]","1-Alkyl-2-acyl-glycerophosphocholines // 1-Acyl-2-alkylglycerophosphocholines // 1-(1Z-alkenyl)-2-acylglycerophosphocholines [PC O/P-]","Adduct[M+H]+","[M+H]+","PC(15:0/18:1(d7))",846.634621799756,709.284265961754,2.97843894767611,1.95756206580245,2,0.872204427541075,0,0,1,"positive"
"FT17590","PC(O-22:2_20:4) // PC(P-22:1_20:4)","PC(O-22:2_20:4) // PC(P-22:1_20:4)_1","Glycerophospholipids [GP]","1-Alkyl-2-acyl-glycerophosphocholines // 1-Acyl-2-alkylglycerophosphocholines // 1-(1Z-alkenyl)-2-acylglycerophosphocholines [PC O/P-]","Adduct[M+H]+","[M+H]+","PC(15:0/18:1(d7))",848.652931267371,704.830169141124,0.162311810054439,0.582863715598364,2,0.872248691269541,1,1,1,"positive"
"FT17661","PC(O-22:1_20:4) // PC(P-22:0_20:4)","PC(O-22:1_20:4) // PC(P-22:0_20:4)_1","Glycerophospholipids [GP]","1-Alkyl-2-acyl-glycerophosphocholines // 1-Acyl-2-alkylglycerophosphocholines // 1-(1Z-alkenyl)-2-acylglycerophosphocholines [PC O/P-]","Adduct[M+H]+","[M+H]+","PC(15:0/18:1(d7))",850.668928553271,709.574264595757,0.570102340836879,2.24756069980549,4,0.935450311004089,3,1,1,"positive"
"FT17728","PC(O-22:0_20:4)","PC(O-22:0_20:4)_1","Glycerophospholipids [GP]","1-Alkyl-2-acyl-glycerophosphocholines // 1-Acyl-2-alkylglycerophosphocholines // 1-(1Z-alkenyl)-2-acylglycerophosphocholines [PC O/P-]","Adduct[M+H]+","[M+H]+","PC(15:0/18:1(d7))",852.682338902888,715.478621407188,2.05790928205628,-7.21832669613354,5,0.884909558983312,1,0.5,1,"positive"
"FT17740","TG(50:0)","TG(50:0)_1","Glycerolipids [GL]","Triglycerides [TG]","Adduct[M+NH4]+","[M+NH4]+","TG(15:0/18:1(d7)/15:0)",852.801582447664,896.963582965385,0.163195624562486,-13.8373473233625,4,0.967453141179106,3,1.5,1,"positive"
"FT17785","PC(42:10)","PC(42:10)_1","Glycerophospholipids [GP]","Diacylglycerophosphocholines [PC]","Adduct[M+H]+","[M+H]+","PC(15:0/18:1(d7))",854.568937692263,370.137296155144,0.609087689130166,-7.15914581315303,3,0.949025292069527,0,0,1,"positive"
"FT17937","PC(42:8)","PC(42:8)_2; PC(42:8)_3; PC(42:8)_4","Glycerophospholipids [GP]","Diacylglycerophosphocholines [PC]","Adduct[M+H]+","[M+H]+","PC(15:0/18:1(d7))",858.60083155847,478.953598946527,0.0852900126911876,14.9401822219957,2,0.858925362923084,0,0,3,"positive"
"FT17938","PC(42:8)","PC(42:8)_1; PC(42:8)_2","Glycerophospholipids [GP]","Diacylglycerophosphocholines [PC]","Adduct[M+H]+","[M+H]+","PC(15:0/18:1(d7))",858.600379681017,446.049991671216,0.441005181527284,7.19725490818576,3,0.945656274458729,0,0,2,"positive"
"FT17939","PC(42:8)","PC(42:8)_1","Glycerophospholipids [GP]","Diacylglycerophosphocholines [PC]","Adduct[M+H]+","[M+H]+","PC(15:0/18:1(d7))",858.59779270491,429.623327502012,3.45401918297792,-9.22940926101813,2,0.869932863415278,0,0,1,"positive"
"FT17996","TG(48:3)","TG(48:3)_1","Glycerolipids [GL]","Triglycerides [TG]","Adduct[M+C2H7N2]+","[M+C2H7N2]+","TG(15:0/18:1(d7)/15:0)",859.749366747438,787.461416615987,0.495732322910604,-5.5870050271368,3,0.947058537399291,2,1,1,"positive"
"FT18109","TG(51:2)","TG(51:2)_1","Glycerolipids [GL]","Triglycerides [TG]","Adduct[M+NH4]+","[M+NH4]+","TG(15:0/18:1(d7)/15:0)",862.786096504209,844.728208861085,0.351528980540379,-11.4721345559286,4,0.967155560180913,3,1,1,"positive"
"FT18171","PC(42:5)","PC(42:5)_1","Glycerophospholipids [GP]","Diacylglycerophosphocholines [PC]","Adduct[M+H]+","[M+H]+","PC(15:0/18:1(d7))",864.647006045686,691.299790808282,0.812441074861692,2.46257957601006,3,0.940994403557713,0,0,1,"positive"
"FT18172","PC(42:5)","PC(42:5)_1","Glycerophospholipids [GP]","Diacylglycerophosphocholines [PC]","Adduct[M+H]+","[M+H]+","PC(15:0/18:1(d7))",864.646799684233,683.694467361723,1.05110643148357,-5.142743870549,3,0.946155326792758,0,0,1,"positive"
"FT18188","TG(51:1)","TG(51:1)_1; TG(51:1)_2","Glycerolipids [GL]","Triglycerides [TG]","Adduct[M+NH4]+","[M+NH4]+","TG(15:0/18:1(d7)/15:0)",864.801142544385,877.085174074202,0.347744348807876,-5.9234891472131,4,0.928019455140722,3,1,2,"positive"
"FT18264","PC(42:4)","PC(42:4)_1","Glycerophospholipids [GP]","Diacylglycerophosphocholines [PC]","Adduct[M+H]+","[M+H]+","PC(15:0/18:1(d7))",866.662225299119,715.019328553896,1.30764277663777,2.52262795879778,2,0.869789773962495,0,0,1,"positive"
"FT18278","TG(51:0)","TG(51:0)_1; TG(51:0)_2","Glycerolipids [GL]","Triglycerides [TG]","Adduct[M+NH4]+","[M+NH4]+","TG(15:0/18:1(d7)/15:0)",866.816835305419,916.622345820191,0.297678695002449,-6.15528623358898,3,0.94670653178792,1,0.333333333333333,2,"positive"
"FT18558","TG(49:3)","TG(49:3)_1","Glycerolipids [GL]","Triglycerides [TG]","Adduct[M+C2H7N2]+","[M+C2H7N2]+","TG(15:0/18:1(d7)/15:0)",873.763794495854,792.692465390613,1.88668659098558,-12.0347451816153,2,0.831585806539505,0,0,1,"positive"
"FT18636","TG(49:2)","TG(49:2)_1","Glycerolipids [GL]","Triglycerides [TG]","Adduct[M+C2H7N2]+","[M+C2H7N2]+","TG(15:0/18:1(d7)/15:0)",875.780395028933,810.861434213871,0.797062955596856,-16.8069427711353,2,0.786130545864493,1,0.333333333333333,1,"positive"
"FT18660","PC(O-24:2_20:4) // PC(P-24:1_20:4)","PC(O-24:2_20:4) // PC(P-24:1_20:4)_1; PC(O-44:6) // PC(P-44:5)_1","Glycerophospholipids [GP]","1-Alkyl-2-acyl-glycerophosphocholines // 1-Acyl-2-alkylglycerophosphocholines // 1-(1Z-alkenyl)-2-acylglycerophosphocholines [PC O/P-]","Adduct[M+H]+","[M+H]+","PC(15:0/18:1(d7))",876.684441584509,712.63426369978,0.396876267000259,2.22961185280565,5,0.835157957469486,3,1,2,"positive"
"FT18702","TG(49:1)","TG(49:1)_1","Glycerolipids [GL]","Triglycerides [TG]","Adduct[M+C2H7N2]+","[M+C2H7N2]+","TG(15:0/18:1(d7)/15:0)",877.797005812961,845.603035173784,0.299234604062177,-5.14785924111948,3,0.945314772854875,3,1,1,"positive"
"FT18723","PC(O-24:1_20:4) // PC(P-24:0_20:4)","PC(O-24:1_20:4) // PC(P-24:0_20:4)_1","Glycerophospholipids [GP]","1-Alkyl-2-acyl-glycerophosphocholines // 1-Acyl-2-alkylglycerophosphocholines // 1-(1Z-alkenyl)-2-acylglycerophosphocholines [PC O/P-]","Adduct[M+H]+","[M+H]+","PC(15:0/18:1(d7))",878.697082705363,739.915085523964,3.02834757389278,17.2181374206417,2,0.863001936425313,1,0.333333333333333,1,"positive"
"FT18989","TG(50:4)","TG(50:4)_1; TG(50:4)_2","Glycerolipids [GL]","Triglycerides [TG]","Adduct[M+C2H7N2]+","[M+C2H7N2]+","TG(15:0/18:1(d7)/15:0)",885.764732138409,789.757335563627,0.802558956819523,-6.2241898818944,4,0.791075041014664,3,1,2,"positive"
"FT19188","TG(53:2)","TG(53:2)_1; TG(53:2)_2","Glycerolipids [GL]","Triglycerides [TG]","Adduct[M+NH4]+","[M+NH4]+","TG(15:0/18:1(d7)/15:0)",890.817237889283,875.834881663309,0.162267747779463,-6.27625762803177,4,0.928984011296948,3,1,2,"positive"
"FT19268","TG(53:1)","TG(53:1)_1","Glycerolipids [GL]","Triglycerides [TG]","Adduct[M+NH4]+","[M+NH4]+","TG(15:0/18:1(d7)/15:0)",892.832619307688,907.041866889217,0.138990098080454,-14.0445252615322,2,0.851656337862411,2,0.666666666666667,1,"positive"
"FT19496","TG(51:4)","TG(51:4)_1","Glycerolipids [GL]","Triglycerides [TG]","Adduct[M+C2H7N2]+","[M+C2H7N2]+","TG(15:0/18:1(d7)/15:0)",899.778732370462,801.444916420089,2.62365052628861,-6.2366469828396,2,0.837096994032907,3,1,1,"positive"
"FT19507","PC(O-46:8) // PC(P-46:7)","PC(O-46:8) // PC(P-46:7)_1","Glycerophospholipids [GP]","1-Alkyl-2-acyl-glycerophosphocholines // 1-Acyl-2-alkylglycerophosphocholines // 1-(1Z-alkenyl)-2-acylglycerophosphocholines [PC O/P-]","Adduct[M+H]+","[M+H]+","PC(15:0/18:1(d7))",900.684615181889,707.973457321981,0.57904041346007,1.63201506496523,3,0.947379025523172,0,0,1,"positive"
"FT19552","TG(51:3)","TG(51:3)_1","Glycerolipids [GL]","Triglycerides [TG]","Adduct[M+C2H7N2]+","[M+C2H7N2]+","TG(15:0/18:1(d7)/15:0)",901.796592425739,821.117992055846,0.167133073501909,-8.4074635045472,3,0.944054255426074,3,1,1,"positive"
"FT19576","PC(O-46:7) // PC(P-46:6)","PC(O-46:7) // PC(P-46:6)_1","Glycerophospholipids [GP]","1-Alkyl-2-acyl-glycerophosphocholines // 1-Acyl-2-alkylglycerophosphocholines // 1-(1Z-alkenyl)-2-acylglycerophosphocholines [PC O/P-]","Adduct[M+H]+","[M+H]+","PC(15:0/18:1(d7))",902.695605596784,731.647429705688,4.58415640908593,13.0029496089685,2,0.858247296845298,1,1,1,"positive"
"FT19661","PC(O-46:6) // PC(P-46:5)","PC(O-46:6) // PC(P-46:5)_1","Glycerophospholipids [GP]","1-Alkyl-2-acyl-glycerophosphocholines // 1-Acyl-2-alkylglycerophosphocholines // 1-(1Z-alkenyl)-2-acylglycerophosphocholines [PC O/P-]","Adduct[M+H]+","[M+H]+","PC(15:0/18:1(d7))",904.713617575642,735.951523064675,1.96327173212878,12.2114958486595,2,0.857617649191437,0,0,1,"positive"
"FT19918","TG(55:6)","TG(55:6)_1","Glycerolipids [GL]","Triglycerides [TG]","Adduct[M+NH4]+","[M+NH4]+","TG(15:0/18:1(d7)/15:0)",910.785478068423,810.892623746286,0.346010641282491,-8.27401330439739,2,0.845507810484528,2,1,1,"positive"
"FT20133","TG(55:3)","TG(55:3)_1","Glycerolipids [GL]","Triglycerides [TG]","Adduct[M+NH4]+","[M+NH4]+","TG(15:0/18:1(d7)/15:0)",916.832273510066,875.377775507338,0.512517180930078,-13.7350681335486,2,0.844581475837945,3,1,1,"positive"
"FT20451","TG(53:5)","TG(53:5)_1","Glycerolipids [GL]","Triglycerides [TG]","Adduct[M+C2H7N2]+","[M+C2H7N2]+","TG(15:0/18:1(d7)/15:0)",925.794860775457,801.385733499775,2.03324364303264,-7.22060253805455,2,0.824809081549301,3,1,1,"positive"
"FT20493","TG(56:5)","TG(56:5)_1","Glycerolipids [GL]","Triglycerides [TG]","Adduct[M+NH4]+","[M+NH4]+","TG(15:0/18:1(d7)/15:0)",926.816446014755,835.764100155169,0.698437318191866,-17.7160007732554,2,0.841644109136977,3,1,1,"positive"
"FT20529","TG(53:4)","TG(53:4)_1; TG(53:4)_2","Glycerolipids [GL]","Triglycerides [TG]","Adduct[M+C2H7N2]+","[M+C2H7N2]+","TG(15:0/18:1(d7)/15:0)",927.811400799628,822.103998213127,1.06962396551792,-8.54467022701408,2,0.833614581354317,3,1,2,"positive"
"FT20578","TG(56:4)","TG(56:4)_1; TG(56:4)_2; TG(56:4)_3","Glycerolipids [GL]","Triglycerides [TG]","Adduct[M+NH4]+","[M+NH4]+","TG(15:0/18:1(d7)/15:0)",928.832840560374,877.041120833364,0.104602013722892,3.7894464502275,2,0.841959111091422,0,0,3,"positive"
"FT20617","TG(53:3)","TG(53:3)_1; TG(53:3)_2","Glycerolipids [GL]","Triglycerides [TG]","Adduct[M+C2H7N2]+","[M+C2H7N2]+","TG(15:0/18:1(d7)/15:0)",929.827655753094,846.820202757404,0.416766421102072,-6.65989817102036,3,0.941850425417412,3,1,2,"positive"
"FT20747","TG(54:8)","TG(54:8)_1; TG(54:8)_2; TG(54:8)_3","Glycerolipids [GL]","Triglycerides [TG]","Adduct[M+C2H7N2]+","[M+C2H7N2]+","TG(15:0/18:1(d7)/15:0)",933.765627310106,773.902888455623,0.197365096249318,5.56468801843118,2,0.839118956888934,3,1,3,"positive"
"FT20825","TG(54:7)","TG(54:7)_1","Glycerolipids [GL]","Triglycerides [TG]","Adduct[M+C2H7N2]+","[M+C2H7N2]+","TG(15:0/18:1(d7)/15:0)",935.780754974646,777.853784093333,0.36130987893377,-4.38869167749306,3,0.940565110709344,3,1,1,"positive"
"FT20826","TG(54:7)","TG(54:7)_1; TG(54:7)_2; TG(54:7)_3; TG(54:7)_4","Glycerolipids [GL]","Triglycerides [TG]","Adduct[M+C2H7N2]+","[M+C2H7N2]+","TG(15:0/18:1(d7)/15:0)",935.781148998851,787.49899728895,0.0597546277231088,5.25652151812449,2,0.839417342638658,3,1,4,"positive"
"FT20896","TG(54:6)","TG(54:6)_1; TG(54:6)_2","Glycerolipids [GL]","Triglycerides [TG]","Adduct[M+C2H7N2]+","[M+C2H7N2]+","TG(15:0/18:1(d7)/15:0)",937.796515143734,792.811281353748,0.24312524829087,-6.09457652587946,4,0.932973421887816,4,1.33333333333333,2,"positive"
"FT20954","TG(54:5)","TG(54:5)_2","Glycerolipids [GL]","Triglycerides [TG]","Adduct[M+C2H7N2]+","[M+C2H7N2]+","TG(15:0/18:1(d7)/15:0)",939.812523092907,823.166349015179,0.13820088902074,-10.1151568433233,4,0.909034866636671,3,1,1,"positive"
"FT21178","TG(54:1)","TG(54:1)_1","Glycerolipids [GL]","Triglycerides [TG]","Adduct[M+C2H7N2]+","[M+C2H7N2]+","TG(15:0/18:1(d7)/15:0)",947.875075092971,936.209826719087,0.0861149110555087,-14.6486991882883,3,0.934304636594725,3,1,1,"positive"
"FT21211","TG(58:8)","TG(58:8)_1; TG(58:8)_3","Glycerolipids [GL]","Triglycerides [TG]","Adduct[M+NH4]+","[M+NH4]+","TG(15:0/18:1(d7)/15:0)",948.801902863158,811.288656459622,0.484388974676107,2.68232042179295,3,0.942684420258458,3,1,2,"positive"
"FT21289","TG(58:7)","TG(58:7)_3","Glycerolipids [GL]","Triglycerides [TG]","Adduct[M+NH4]+","[M+NH4]+","TG(15:0/18:1(d7)/15:0)",950.817203583428,836.765345679595,0.115947671920899,-10.3689150173143,2,0.83506718371405,3,1,1,"positive"
"FT21361","TG(58:6)","TG(58:6)_1","Glycerolipids [GL]","Triglycerides [TG]","Adduct[M+NH4]+","[M+NH4]+","TG(15:0/18:1(d7)/15:0)",952.832410580908,841.983135202656,0.349297076060303,-12.4228434243075,2,0.83488216913219,3,1,1,"positive"
"FT21432","TG(58:5)","TG(58:5)_1","Glycerolipids [GL]","Triglycerides [TG]","Adduct[M+NH4]+","[M+NH4]+","TG(15:0/18:1(d7)/15:0)",954.848215313389,873.455943604319,0.182946960815149,-12.1880694724989,3,0.933434662183806,0,0,1,"positive"
"FT21698","TG(56:7)","TG(56:7)_1","Glycerolipids [GL]","Triglycerides [TG]","Adduct[M+C2H7N2]+","[M+C2H7N2]+","TG(15:0/18:1(d7)/15:0)",963.812294521472,801.946616764726,0.102393917397946,-7.64118436138665,4,0.89905096903445,3,1,1,"positive"
"FT21752","TG(56:6)","TG(56:6)_1; TG(56:6)_2","Glycerolipids [GL]","Triglycerides [TG]","Adduct[M+C2H7N2]+","[M+C2H7N2]+","TG(15:0/18:1(d7)/15:0)",965.822790818861,811.943503743625,5.43829243245526,-11.9397461234431,2,0.828422821426834,3,0.75,2,"positive"
"FT21985","TG(56:2)","TG(56:2)_1; TG(56:2)_2","Glycerolipids [GL]","Triglycerides [TG]","Adduct[M+C2H7N2]+","[M+C2H7N2]+","TG(15:0/18:1(d7)/15:0)",973.890853324001,934.244105504172,0.215417411182351,-13.2065304697639,2,0.830970404081655,3,1,2,"positive"
"FT22277","TG(58:9)","TG(58:9)_1; TG(58:9)_2; TG(58:9)_3","Glycerolipids [GL]","Triglycerides [TG]","Adduct[M+C2H7N2]+","[M+C2H7N2]+","TG(15:0/18:1(d7)/15:0)",987.812689396886,792.965530434598,0.299841233598621,2.85873444447657,3,0.936137624288956,3,1,3,"positive"
"FT22414","TG(58:6)","TG(58:6)_2","Glycerolipids [GL]","Triglycerides [TG]","Adduct[M+C2H7N2]+","[M+C2H7N2]+","TG(15:0/18:1(d7)/15:0)",993.859220415802,847.962136264632,0.123746682894338,-11.8696443813321,2,0.82390166867516,2,0.666666666666667,1,"positive"
